Country Name,Country Code,Parameters,1972,1973,1974,1975,1976,1977,1978,1979,1980,1981,1982,1983,1984,1985,1986,1987,1988,1989,1990,1991,1992,1993,1994,1995,1996,1997,1998,1999,2000,2001,2002,2003,2004,2005,2006,2007,2008,2009,2010,2011,2012,2013,2014,2015,2016,2017,2018,2019,2020,2021,2022
India,IND,Current account balance (% of GDP),..,..,..,-0.15,1.54,1.74,0.5,0.03,-0.96,-1.39,-1.26,-0.89,-1.09,-1.78,-1.83,-1.85,-2.41,-2.3,-2.19,-1.59,-1.56,-0.67,-0.51,-1.54,-1.52,-0.71,-1.64,-0.7,-0.98,0.29,1.37,1.44,0.11,-1.25,-0.99,-0.66,-2.58,-1.95,-3.25,-3.43,-5,-2.65,-1.34,-1.07,-0.53,-1.44,-2.43,-1.05,1.22,-1.06,-2.36
Russian Federation,RUS,Current account balance (% of GDP),..,..,..,..,..,..,..,..,..,..,..,..,..,..,..,..,..,..,..,..,..,..,2.26,1.88,2.58,-0.21,0.03,11.67,17.47,10.45,7.95,7.7,9.91,11.05,9.33,5.55,6.26,4.12,4.42,4.75,3.23,1.46,2.79,4.97,1.92,2.04,6.98,3.88,2.37,6.78,10.49
China,CHN,Current account balance (% of GDP),..,..,..,..,..,..,..,..,..,..,2.77,1.84,0.78,-3.69,-2.34,0.11,-1.22,-1.24,3.32,3.46,1.5,-2.61,1.22,0.22,0.84,3.84,3.06,1.93,1.69,1.3,2.41,2.59,3.53,5.79,8.42,9.95,9.15,4.77,3.91,1.8,2.52,1.55,2.25,2.65,1.7,1.53,0.17,0.72,1.69,1.98,2.48
South Africa,ZAF,Current account balance (% of GDP),-0.78,-0.78,-3.47,-5.59,-4.65,0.53,2.13,4.7,3.54,-5.34,-4.1,-0.34,-2.3,3.51,3.77,5.29,2.44,1.39,1.23,1.03,1.35,1.9,0.02,-1.45,-1.03,-1.32,-1.44,-0.45,-0.13,0.25,0.78,-0.78,-2.51,-2.77,-4,-4.86,-5.19,-2.38,-1.3,-2.02,-4.68,-5.34,-4.81,-4.31,-2.63,-2.37,-3,-2.62,1.98,3.69,-0.42
Brazil,BRA,Current account balance (% of GDP),..,..,..,..,..,..,..,..,..,..,..,..,..,..,..,..,..,0.24,-0.99,-0.42,1.86,0.01,-0.22,-2.36,-2.73,-3.64,-4.05,-4.47,-4.05,-4.44,-1.85,0.39,1.34,1.31,0.97,-0.2,-2.1,-1.76,-3.93,-3.19,-3.76,-3.57,-4.5,-3.52,-1.7,-1.23,-2.86,-3.63,-1.91,-2.77,-2.47
United States,USA,Current account balance (% of GDP),-0.41,0.53,0.11,1.06,0.2,-0.73,-0.67,-0.01,0.07,0.15,-0.35,-1.22,-2.45,-2.87,-3.21,-3.31,-2.32,-1.76,-1.32,0.05,-0.79,-1.24,-1.67,-1.49,-1.54,-1.64,-2.37,-2.98,-3.92,-3.72,-4.17,-4.56,-5.2,-5.75,-5.91,-5.09,-4.72,-2.62,-2.87,-2.92,-2.57,-2.01,-2.1,-2.23,-2.11,-1.87,-2.13,-2.05,-2.8,-3.52,-3.77
United Kingdom,GBR,Current account balance (% of GDP),0.31,-1.25,-3.61,-1.43,-0.59,0.06,0.64,-0.18,1.21,2.61,1.55,1.08,0.4,0.68,-0.22,-1.69,-3.88,-4.65,-3.55,-1.66,-1.97,-1.67,-0.88,-1,-0.73,-0.09,-0.32,-2.12,-1.81,-1.77,-1.97,-1.83,-2.29,-1.98,-3.12,-3.73,-3.89,-3.04,-2.77,-1.63,-3.15,-4.65,-5.01,-4.95,-5.5,-3.5,-3.92,-2.69,-2.9,-0.47,-3.25
Italy,ITA,Current account balance (% of GDP),1.36,-1.62,-4.14,-0.29,-1.27,0.91,1.92,1.5,-2.21,-2.41,-1.73,0.15,-0.73,-0.9,0.38,-0.32,-0.8,-1.38,-1.39,-1.95,-2.22,0.73,1.2,2.14,3.05,2.6,1.58,0.8,-0.27,0.16,-0.49,-0.77,-0.5,-0.9,-1.45,-1.36,-2.76,-1.84,-3.32,-2.82,-0.25,1.16,1.86,1.44,2.65,2.71,2.58,3.25,3.96,2.39,-1.59
Canada,CAN,Current account balance (% of GDP),-2.12,-1.56,-2.84,-4.7,-3.69,-3.3,-3.73,-3.44,-2.22,-4.08,0.57,-0.74,-0.39,-1.59,-3,-3.17,-3,-3.92,-3.4,-3.73,-3.65,-3.86,-2.4,-0.84,0.39,-1.37,-1.42,0.12,2.48,2.13,1.65,1.16,2.26,1.87,1.36,0.75,0.2,-2.97,-3.6,-2.77,-3.53,-3.15,-2.32,-3.51,-3.09,-2.8,-2.39,-1.95,-2.01,0.01,-0.35
Japan,JPN,Current account balance (% of GDP),..,..,..,..,..,..,..,..,..,..,..,..,..,..,..,..,..,..,..,..,..,..,..,..,1.4,2.12,2.8,2.46,2.63,1.97,2.6,3.08,3.72,3.52,3.8,4.62,2.78,2.75,3.84,2.08,0.96,0.89,0.74,3.07,3.94,4.12,3.52,3.45,2.97,3.9,2.12
France,FRA,Current account balance (% of GDP),..,..,..,0.76,-0.9,-0.1,1.39,0.84,-0.6,-0.78,-2.07,-0.92,-0.17,-0.01,0.31,-0.48,-0.45,-0.46,-0.78,-0.51,0.28,0.68,0.53,0.68,1.28,2.6,2.51,3.39,1.18,1.52,1.18,0.87,0.43,-0.01,0.02,-0.33,-0.96,-0.82,-0.83,-1.03,-1.23,-0.87,-1.31,-0.37,-0.49,-0.69,-0.87,0.5,-1.56,0.33,-2.04
Germany,DEU,Current account balance (% of GDP),0.11,1.05,2.04,0.63,0.72,0.65,1.25,-0.61,-1.65,-0.66,0.71,0.56,1.27,2.46,3.7,3.41,3.85,4.08,2.62,-1.42,-1.18,-1.03,-1.52,-1.24,-0.68,-0.52,-0.7,-1.43,-1.74,-0.36,1.91,1.44,4.53,4.67,5.79,6.88,5.69,5.9,5.77,6.19,7.13,6.57,7.18,8.58,8.62,7.85,7.97,8.17,6.57,7.29,4.28
India,IND,"Fertility rate, total (births per woman)",5.48,5.4,5.33,5.2,5.13,5.01,4.89,4.81,4.78,4.7,4.62,4.57,4.52,4.43,4.4,4.31,4.22,4.13,4.05,3.96,3.88,3.8,3.72,3.65,3.58,3.51,3.45,3.38,3.35,3.3,3.22,3.12,3.05,2.96,2.86,2.78,2.72,2.67,2.6,2.54,2.47,2.41,2.31,2.29,2.27,2.2,2.18,2.11,2.05,2.03,2.01
Russian Federation,RUS,"Fertility rate, total (births per woman)",2.04,2.01,2,1.98,1.97,1.95,1.92,1.9,1.89,1.91,2.04,2.11,2.06,2.05,2.15,2.22,2.12,2.01,1.89,1.73,1.55,1.39,1.4,1.34,1.27,1.22,1.23,1.16,1.2,1.22,1.29,1.32,1.34,1.29,1.31,1.42,1.5,1.54,1.57,1.58,1.69,1.71,1.75,1.78,1.76,1.62,1.58,1.5,1.51,1.51,1.42
China,CHN,"Fertility rate, total (births per woman)",5.11,4.73,4.17,3.57,3.24,2.84,2.72,2.75,2.74,2.79,2.97,2.56,2.61,2.63,2.72,2.76,2.54,2.52,2.51,1.93,1.78,1.69,1.63,1.59,1.55,1.53,1.52,1.53,1.63,1.56,1.57,1.57,1.61,1.62,1.64,1.67,1.7,1.71,1.69,1.67,1.8,1.71,1.77,1.67,1.77,1.81,1.55,1.5,1.28,1.16,1.18
South Africa,ZAF,"Fertility rate, total (births per woman)",5.49,5.41,5.3,5.19,5.07,4.94,4.85,4.82,4.78,4.71,4.7,4.63,4.57,4.5,4.41,4.35,4.18,3.98,3.72,3.62,3.48,3.37,3.26,3.17,2.99,2.73,2.63,2.56,2.41,2.37,2.32,2.36,2.44,2.51,2.55,2.55,2.68,2.5,2.45,2.44,2.45,2.43,2.42,2.36,2.26,2.33,2.42,2.48,2.4,2.37,2.34
Brazil,BRA,"Fertility rate, total (births per woman)",4.75,4.65,4.5,4.42,4.34,4.27,4.2,4.12,4.04,3.94,3.84,3.72,3.6,3.47,3.34,3.23,3.11,3.01,2.91,2.82,2.72,2.67,2.62,2.58,2.52,2.47,2.41,2.33,2.26,2.18,2.1,2.02,2,1.97,1.93,1.88,1.84,1.83,1.81,1.8,1.77,1.75,1.77,1.78,1.71,1.74,1.75,1.7,1.65,1.64,1.63
United States,USA,"Fertility rate, total (births per woman)",2.01,1.88,1.84,1.77,1.74,1.79,1.76,1.81,1.84,1.81,1.83,1.8,1.81,1.84,1.84,1.87,1.93,2.01,2.08,2.06,2.05,2.02,2,1.98,1.98,1.97,2,2.01,2.06,2.03,2.02,2.05,2.05,2.06,2.11,2.12,2.07,2,1.93,1.89,1.88,1.86,1.86,1.84,1.82,1.77,1.73,1.71,1.64,1.66,1.67
United Kingdom,GBR,"Fertility rate, total (births per woman)",2.2,2.04,1.92,1.81,1.74,1.69,1.75,1.86,1.9,1.82,1.78,1.77,1.77,1.79,1.78,1.81,1.82,1.79,1.83,1.82,1.79,1.76,1.74,1.71,1.73,1.72,1.71,1.68,1.64,1.63,1.63,1.7,1.75,1.76,1.82,1.86,1.91,1.89,1.92,1.91,1.92,1.83,1.81,1.8,1.79,1.74,1.68,1.63,1.56,1.56,1.57
Italy,ITA,"Fertility rate, total (births per woman)",2.35,2.3,2.28,2.17,2.04,1.93,1.84,1.73,1.64,1.58,1.56,1.51,1.46,1.42,1.35,1.33,1.36,1.33,1.33,1.3,1.3,1.25,1.21,1.19,1.2,1.22,1.22,1.23,1.26,1.25,1.27,1.29,1.34,1.34,1.37,1.4,1.45,1.45,1.46,1.44,1.43,1.39,1.37,1.35,1.34,1.32,1.29,1.27,1.24,1.25,1.24
Canada,CAN,"Fertility rate, total (births per woman)",1.98,1.89,1.84,1.82,1.8,1.78,1.77,1.75,1.74,1.7,1.69,1.68,1.65,1.67,1.68,1.68,1.68,1.77,1.83,1.72,1.71,1.69,1.69,1.67,1.63,1.57,1.56,1.55,1.51,1.54,1.52,1.55,1.56,1.58,1.63,1.67,1.7,1.69,1.65,1.63,1.63,1.61,1.61,1.6,1.59,1.55,1.51,1.47,1.41,1.44,1.33
Japan,JPN,"Fertility rate, total (births per woman)",2.14,2.14,2.05,1.91,1.85,1.8,1.79,1.77,1.75,1.74,1.77,1.8,1.81,1.76,1.72,1.69,1.66,1.57,1.54,1.53,1.5,1.46,1.5,1.42,1.43,1.39,1.38,1.34,1.36,1.33,1.32,1.29,1.29,1.26,1.32,1.34,1.37,1.37,1.39,1.39,1.41,1.43,1.42,1.45,1.44,1.43,1.42,1.36,1.33,1.3,1.26
France,FRA,"Fertility rate, total (births per woman)",2.38,2.28,2.18,2.09,2.01,1.94,1.89,1.87,1.85,1.85,1.86,1.86,1.86,1.86,1.85,1.83,1.81,1.79,1.77,1.75,1.74,1.73,1.73,1.74,1.75,1.77,1.78,1.81,1.89,1.9,1.88,1.89,1.92,1.94,2,1.98,2.01,2,2.03,2.01,2.01,1.99,2,1.96,1.92,1.89,1.87,1.86,1.83,1.84,1.79
Germany,DEU,"Fertility rate, total (births per woman)",1.71,1.54,1.51,1.45,1.45,1.4,1.38,1.38,1.44,1.43,1.41,1.33,1.29,1.37,1.43,1.43,1.46,1.42,1.45,1.33,1.29,1.28,1.24,1.25,1.3,1.35,1.36,1.36,1.38,1.35,1.34,1.34,1.36,1.34,1.33,1.37,1.38,1.36,1.39,1.39,1.41,1.42,1.47,1.5,1.6,1.57,1.57,1.54,1.53,1.58,1.46
India,IND,"Foreign direct investment, net inflows (% of GDP)",0.02,0.04,0.06,-0.01,-0.01,-0.03,0.01,0.03,0.04,0.05,0.04,0,0.01,0.05,0.05,0.08,0.03,0.09,0.07,0.03,0.1,0.2,0.3,0.59,0.62,0.86,0.63,0.47,0.77,1.06,1.01,0.61,0.77,0.89,2.13,2.07,3.62,2.65,1.64,2,1.31,1.52,1.7,2.09,1.94,1.51,1.56,1.78,2.41,1.41,1.49
Russian Federation,RUS,"Foreign direct investment, net inflows (% of GDP)",..,..,..,..,..,..,..,..,..,..,..,..,..,..,..,..,..,..,..,..,0.25,0.28,0.17,0.52,0.66,1.2,1.02,1.66,1.03,0.93,1.01,1.84,2.61,2.03,3.8,4.3,4.5,2.99,2.83,2.69,2.29,3.02,1.07,0.5,2.55,1.81,0.53,1.89,0.63,2.19,-1.76
China,CHN,"Foreign direct investment, net inflows (% of GDP)",..,..,..,..,..,..,..,0,0.03,0.14,0.21,0.28,0.48,0.54,0.62,0.85,1.02,0.98,0.97,1.14,2.61,6.19,5.99,4.88,4.65,4.73,4.44,3.75,3.48,3.51,3.61,3.49,3.48,4.55,4.51,4.4,3.73,2.57,4,3.71,2.83,3.04,2.56,2.19,1.56,1.35,1.69,1.31,1.72,1.93,1.01
South Africa,ZAF,"Foreign direct investment, net inflows (% of GDP)",0.47,0.08,1.68,0.44,0.04,-0.27,-0.21,-0.77,-0.01,0.07,0.38,0.07,0.49,-0.7,-0.07,-0.2,0.15,-0.19,-0.06,0.19,0,0.01,0.24,0.73,0.5,2.26,0.36,0.99,0.64,5.37,1.15,0.4,0.27,2.26,0.21,1.98,3.13,2.31,0.88,0.9,1.06,2.05,1.52,0.44,0.68,0.54,1.37,1.31,0.93,9.68,2.27
Brazil,BRA,"Foreign direct investment, net inflows (% of GDP)",..,..,..,..,..,..,..,..,..,..,..,..,..,..,..,..,..,0.27,0.26,0.32,0.63,0.35,0.58,0.63,1.48,2.15,3.34,4.73,5.03,4.15,3.25,1.81,2.71,1.73,1.75,3.19,2.99,1.89,3.73,3.92,3.75,3.04,3.57,3.59,4.14,3.34,4.08,3.69,2.59,2.78,3.82
United States,USA,"Foreign direct investment, net inflows (% of GDP)",0.1,0.14,0.23,0.14,0.16,0.14,0.23,0.31,0.59,0.8,0.63,0.32,0.62,0.22,0.68,1.3,1.09,1.34,1.19,0.56,0.46,0.73,0.77,0.9,1.21,1.42,2.33,3.24,3.41,1.63,1.02,1.02,1.75,1.09,2.16,2.39,2.31,1.11,1.75,1.69,1.54,1.71,1.43,2.8,2.52,1.94,1.04,1.47,0.65,2.09,1.51
United Kingdom,GBR,"Foreign direct investment, net inflows (% of GDP)",0.71,1.41,2.12,1.37,1.29,1.68,1.13,1.47,1.79,1.09,1.05,1.06,-0.08,1.12,1.42,1.75,2.9,2.92,3.78,2.03,1.95,1.85,1.72,2.17,2.28,3.29,6.64,7.7,9.85,3.4,5.03,1.75,3.6,9.93,7.52,6.78,8.65,0.6,2.68,1.01,1.73,1.96,1.92,1.55,12.08,4.68,-0.87,0.69,5.83,0.19,1.45
Italy,ITA,"Foreign direct investment, net inflows (% of GDP)",0.46,0.38,0.3,0.28,0.05,0.44,0.15,0.11,0.12,0.26,0.14,0.27,0.3,0.24,-0.02,0.52,0.76,0.24,0.55,0.19,0.24,0.35,0.2,0.41,0.27,0.3,0.21,0.55,1.15,1.27,1.35,1.24,1.11,1.98,2.92,2.98,-0.39,0.75,0.46,1.5,0,0.91,0.79,0.72,1.37,0.57,2.12,1.78,-0.9,1.16,3.03
Canada,CAN,"Foreign direct investment, net inflows (% of GDP)",1.86,2.42,2.31,1.94,1.18,1.59,1.7,2.18,2.12,0.22,0.03,1.35,1.59,0.34,0.71,1.98,1.41,1.26,1.41,0.57,1.18,0.72,1.65,2.25,1.4,2.32,3.94,4.05,9.17,3.84,3.22,0.78,0.14,2.18,4.87,8.2,4.52,1.52,1.84,2.14,2.7,3.63,3.55,3.85,2.24,1.54,2.47,2.81,1.76,2.95,2.31
Japan,JPN,"Foreign direct investment, net inflows (% of GDP)",0.05,-0.01,0.04,0.04,0.02,0,0,0.02,0.02,0.02,0.04,0.03,0,0.04,0.01,0.05,-0.02,-0.03,0.06,0.04,0.07,0,0.02,0,0,0.06,0.06,0.32,0.22,0.11,0.28,0.19,0.15,0.11,-0.05,0.47,0.48,0.23,0.13,-0.01,0.01,0.2,0.4,0.12,0.82,0.38,0.5,0.78,1.24,0.7,1.16
France,FRA,"Foreign direct investment, net inflows (% of GDP)",0.32,0.43,0.65,0.43,0.26,0.46,0.49,0.42,0.47,0.4,0.27,0.31,0.45,0.47,0.42,0.55,0.83,1.01,1.04,1.19,1.56,1.57,1.13,1.48,1.37,1.59,1.96,3.08,3.03,3.64,3.43,2.3,1.68,3.88,3.4,3.15,2.32,0.68,1.47,1.54,1.23,1.12,0.2,1.76,1.33,1.38,2.78,1.96,0.73,3.24,3.79
Germany,DEU,"Foreign direct investment, net inflows (% of GDP)",0.63,0.53,0.49,0.14,0.25,0.16,0.22,0.2,-0.02,-0.05,0.06,0.13,0.08,0.07,0.11,0.12,-0.11,0.37,0.14,0.25,-0.1,0.02,0.34,0.47,0.62,0.84,1.32,3.92,12.73,2.93,2.47,2.61,-0.73,2.1,2.92,1.48,0.83,1.66,2.53,2.6,1.86,1.8,0.5,1.86,1.87,2.97,4.2,1.9,4.55,2.39,1.54
India,IND,"Foreign direct investment, net outflows (% of GDP)",..,..,..,0,0,0,0,0,0,0,0,0,0,0,0,0,0,0,0,0,0.01,0,0.03,0.03,0.06,0.03,0.01,0.02,0.11,0.22,0.24,0.2,0.26,0.32,1.49,1.4,1.61,1.2,0.95,0.69,0.47,0.1,0.57,0.36,0.22,0.42,0.42,0.46,0.42,0.54,0.43
Russian Federation,RUS,"Foreign direct investment, net outflows (% of GDP)",..,..,..,..,..,..,..,..,..,..,..,..,..,..,..,..,..,..,..,..,0.34,0.23,0.08,0.15,0.24,0.79,0.45,1.12,1.22,0.83,1.02,2.26,2.33,2.34,3.03,3.45,3.35,3.54,3.45,3.27,2.21,3.77,2.77,1.62,1.75,2.33,1.89,1.29,0.39,3.57,-0.58
China,CHN,"Foreign direct investment, net outflows (% of GDP)",..,..,..,..,..,..,..,..,..,..,0.02,0.04,0.05,0.2,0.15,0.24,0.27,0.22,0.23,0.24,0.94,0.99,0.35,0.27,0.24,0.39,0.44,0.37,0.38,0.72,0.43,0.51,0.41,0.6,0.87,0.48,1.24,0.86,0.95,0.64,0.76,0.76,1.18,1.58,1.93,1.12,1.03,0.96,1.05,1,0.84
South Africa,ZAF,"Foreign direct investment, net outflows (% of GDP)",0.08,0.16,0.28,0.29,0.08,0.15,0.46,0.02,0.84,0.69,-0.01,0.16,0.23,0.07,0.1,0.12,0.06,0.15,0.02,0.15,1.32,0.2,0.82,1.45,0.64,1.38,1.07,1.05,0.18,-2.6,-0.31,0.28,0.51,0.31,1.95,0.9,-0.67,0.4,-0.04,-0.03,0.67,1.63,2.02,1.59,1.39,1.95,0.99,0.81,-0.57,0.02,0.53
Brazil,BRA,"Foreign direct investment, net outflows (% of GDP)",..,..,..,..,..,..,..,..,..,..,..,..,..,..,..,..,..,0.12,0.17,0.3,0.04,0.13,0.2,0.18,0.1,0.13,0.33,0.25,0.38,-0.27,0.49,0.04,1.47,0.33,2.6,1.22,1.54,-0.27,1.21,0.61,0.08,0.63,0.84,0.17,0.82,1.03,0.11,1.22,-0.23,0.97,1.71
United States,USA,"Foreign direct investment, net outflows (% of GDP)",0.57,0.66,0.33,0.81,0.6,0.54,0.61,0.94,0.67,0.32,0.23,0.24,0.32,0.08,0.43,0.82,0.41,0.9,1.01,0.8,0.9,1.21,1.23,1.44,1.28,1.42,1.93,2.57,1.82,1.38,1.64,1.7,3.06,0.4,2.05,3.62,2.33,2.16,2.32,2.8,2.32,2.33,2.2,1.65,1.59,2.09,-0.63,0.53,1.34,1.67,1.66
United Kingdom,GBR,"Foreign direct investment, net outflows (% of GDP)",1.19,2.59,2.12,1.24,1.86,1.59,2.03,2.86,1.99,2.25,1.39,1.67,1.73,2.17,2.83,3.88,4.57,3.39,2.56,2.06,2.22,2.87,3.83,4.2,2.94,4.79,9.55,14.36,17.53,4.69,6.77,4,5.31,6.29,5.25,11.98,12.18,-2.01,2.19,3.03,0.44,1.66,-3.72,-2.06,1.22,6.42,-1,-0.75,0.61,5.12,4.04
Italy,ITA,"Foreign direct investment, net outflows (% of GDP)",0.15,0.16,0.1,0.15,0.07,0.22,0.05,0.14,0.15,0.32,0.22,0.46,0.43,0.38,0.38,0.26,0.53,0.23,0.63,0.61,0.32,0.68,0.48,0.6,0.66,0.84,0.98,0.02,0.57,1.4,0.9,0.14,0.79,2.81,3.02,5.42,2.81,0.83,1.44,2.26,0.33,0.95,0.95,0.84,0.73,0.6,1.85,1.86,0.25,2.55,2.26
Canada,CAN,"Foreign direct investment, net outflows (% of GDP)",0.07,0.88,0.84,0.72,0.48,0.77,1.04,1.57,1.49,1.8,0.75,1.53,1.29,1.03,0.89,1.76,1.44,1.13,1.02,1.06,0.97,0.89,1.83,2.61,1.95,4.08,5.73,2.94,6.26,4.98,3.84,2.62,4.37,2.33,3.82,4.43,5.71,2.75,2.25,2.79,3.4,2.95,3.6,5.39,4.42,4.74,3.64,4.35,2.86,5.16,4.04
Japan,JPN,"Foreign direct investment, net outflows (% of GDP)",0.22,0.43,0.41,0.33,0.33,0.22,0.23,0.27,0.21,0.39,0.39,0.28,0.44,0.45,0.68,0.78,1.13,1.49,1.59,0.87,0.43,0.31,0.36,0.41,0.54,0.53,0.48,0.52,0.91,0.82,0.74,0.76,0.83,1.07,1.26,1.59,2.23,1.39,1.38,1.87,1.88,2.99,2.82,3.11,3.57,3.52,3.18,5.05,2.97,4.17,4.04
France,FRA,"Foreign direct investment, net outflows (% of GDP)",0.27,0.35,0.27,0.37,0.44,0.24,0.38,0.32,0.44,0.74,0.49,0.31,0.4,0.41,0.7,0.99,1.42,1.9,2.74,1.89,2.23,1.56,1.75,0.99,1.89,2.44,3.04,8.4,12.71,6.34,3.53,2.85,2.88,5.41,5.62,4.97,4.64,3.28,2.74,2.25,1.94,0.63,1.86,2.1,3.02,1.87,4.99,3.09,1.08,3.68,4.27
Germany,DEU,"Foreign direct investment, net outflows (% of GDP)",0.6,0.49,0.48,0.44,0.5,0.4,0.53,0.57,0.44,0.47,0.35,0.38,0.65,0.75,0.9,0.64,0.85,0.95,1.36,1.25,0.9,0.85,0.9,1.54,2.43,2.24,4.33,6.35,5.04,3.61,0.83,1.57,0.32,3.12,4.94,4.11,2.62,2.92,4.31,2.88,2.81,2.5,2.76,3.9,3.23,3.95,4.93,4.44,3.73,4.65,4.4
India,IND,GDP (current US$),71464700667,85517673173,99526597934,98473832017,1.03E+11,1.21E+11,1.37E+11,1.53E+11,1.86E+11,1.93E+11,2.01E+11,2.18E+11,2.12E+11,2.33E+11,2.49E+11,2.79E+11,2.97E+11,2.96E+11,3.21E+11,2.70E+11,2.88E+11,2.79E+11,3.27E+11,3.60E+11,3.93E+11,4.16E+11,4.21E+11,4.59E+11,4.68E+11,4.85E+11,5.15E+11,6.08E+11,7.09E+11,8.20E+11,9.40E+11,1.22E+12,1.20E+12,1.34E+12,1.68E+12,1.82E+12,1.83E+12,1.86E+12,2.04E+12,2.10E+12,2.29E+12,2.65E+12,2.70E+12,2.84E+12,2.67E+12,3.17E+12,3.35E+12
Russian Federation,RUS,GDP (current US$),..,..,..,..,..,..,..,..,..,..,..,..,..,..,..,..,5.55E+11,5.07E+11,5.17E+11,5.18E+11,4.60E+11,4.35E+11,3.95E+11,3.96E+11,3.92E+11,4.05E+11,2.71E+11,1.96E+11,2.60E+11,3.07E+11,3.45E+11,4.30E+11,5.91E+11,7.64E+11,9.90E+11,1.30E+12,1.66E+12,1.22E+12,1.52E+12,2.05E+12,2.21E+12,2.29E+12,2.06E+12,1.36E+12,1.28E+12,1.57E+12,1.66E+12,1.69E+12,1.49E+12,1.84E+12,2.27E+12
China,CHN,GDP (current US$),1.14E+11,1.39E+11,1.44E+11,1.63E+11,1.54E+11,1.75E+11,1.50E+11,1.78E+11,1.91E+11,1.96E+11,2.05E+11,2.31E+11,2.60E+11,3.09E+11,3.01E+11,2.73E+11,3.12E+11,3.48E+11,3.61E+11,3.83E+11,4.27E+11,4.45E+11,5.64E+11,7.34E+11,8.64E+11,9.62E+11,1.03E+12,1.09E+12,1.21E+12,1.34E+12,1.47E+12,1.66E+12,1.96E+12,2.29E+12,2.75E+12,3.55E+12,4.59E+12,5.10E+12,6.09E+12,7.55E+12,8.53E+12,9.57E+12,1.05E+13,1.11E+13,1.12E+13,1.23E+13,1.39E+13,1.43E+13,1.47E+13,1.78E+13,1.79E+13
South Africa,ZAF,GDP (current US$),24515919217,33262772008,41389186095,42906905672,41150460288,45328411332,51607412902,63038658089,89411864402,93141472164,85904057409,96204110942,84870163366,64459376087,73354771399,96535763418,1.04E+11,1.08E+11,1.26E+11,1.35E+11,1.47E+11,1.47E+11,1.54E+11,1.72E+11,1.63E+11,1.69E+11,1.53E+11,1.52E+11,1.52E+11,1.35E+11,1.29E+11,1.97E+11,2.56E+11,2.89E+11,3.04E+11,3.33E+11,3.16E+11,3.30E+11,4.17E+11,4.58E+11,4.34E+11,4.01E+11,3.81E+11,3.47E+11,3.24E+11,3.81E+11,4.05E+11,3.89E+11,3.38E+11,4.20E+11,4.05E+11
Brazil,BRA,GDP (current US$),..,..,..,..,..,..,..,..,..,..,..,..,..,..,..,..,..,4.26E+11,3.85E+11,3.43E+11,3.28E+11,3.68E+11,5.25E+11,7.69E+11,8.50E+11,8.83E+11,8.64E+11,6.00E+11,6.55E+11,5.60E+11,5.10E+11,5.58E+11,6.69E+11,8.92E+11,1.11E+12,1.40E+12,1.70E+12,1.67E+12,2.21E+12,2.62E+12,2.47E+12,2.47E+12,2.46E+12,1.80E+12,1.80E+12,2.06E+12,1.92E+12,1.87E+12,1.48E+12,1.67E+12,1.95E+12
United States,USA,GDP (current US$),1.28E+12,1.43E+12,1.55E+12,1.68E+12,1.87E+12,2.08E+12,2.35E+12,2.63E+12,2.86E+12,3.21E+12,3.34E+12,3.63E+12,4.04E+12,4.34E+12,4.58E+12,4.86E+12,5.24E+12,5.64E+12,5.96E+12,6.16E+12,6.52E+12,6.86E+12,7.29E+12,7.64E+12,8.07E+12,8.58E+12,9.06E+12,9.63E+12,1.03E+13,1.06E+13,1.09E+13,1.15E+13,1.22E+13,1.30E+13,1.38E+13,1.45E+13,1.48E+13,1.45E+13,1.50E+13,1.56E+13,1.63E+13,1.69E+13,1.76E+13,1.83E+13,1.88E+13,1.96E+13,2.07E+13,2.15E+13,2.13E+13,2.36E+13,2.57E+13
United Kingdom,GBR,GDP (current US$),1.70E+11,1.93E+11,2.06E+11,2.42E+11,2.33E+11,2.63E+11,3.36E+11,4.39E+11,5.65E+11,5.41E+11,5.15E+11,4.90E+11,4.61E+11,4.89E+11,6.01E+11,7.45E+11,9.10E+11,9.27E+11,1.09E+12,1.14E+12,1.18E+12,1.06E+12,1.14E+12,1.34E+12,1.42E+12,1.56E+12,1.65E+12,1.69E+12,1.67E+12,1.65E+12,1.79E+12,2.05E+12,2.42E+12,2.54E+12,2.71E+12,3.09E+12,2.93E+12,2.41E+12,2.49E+12,2.66E+12,2.71E+12,2.78E+12,3.06E+12,2.93E+12,2.69E+12,2.68E+12,2.87E+12,2.85E+12,2.70E+12,3.14E+12,3.09E+12
Italy,ITA,GDP (current US$),1.45E+11,1.75E+11,2.00E+11,2.28E+11,2.25E+11,2.58E+11,3.15E+11,3.94E+11,4.77E+11,4.31E+11,4.27E+11,4.43E+11,4.38E+11,4.52E+11,6.40E+11,8.06E+11,8.92E+11,9.29E+11,1.18E+12,1.25E+12,1.32E+12,1.06E+12,1.10E+12,1.17E+12,1.31E+12,1.24E+12,1.27E+12,1.25E+12,1.15E+12,1.17E+12,1.28E+12,1.58E+12,1.81E+12,1.86E+12,1.95E+12,2.21E+12,2.41E+12,2.20E+12,2.14E+12,2.29E+12,2.09E+12,2.14E+12,2.16E+12,1.84E+12,1.88E+12,1.96E+12,2.09E+12,2.01E+12,1.90E+12,2.15E+12,2.07E+12
Canada,CAN,GDP (current US$),1.13E+11,1.32E+11,1.61E+11,1.74E+11,2.07E+11,2.12E+11,2.19E+11,2.44E+11,2.75E+11,3.07E+11,3.15E+11,3.42E+11,3.57E+11,3.66E+11,3.79E+11,4.33E+11,5.09E+11,5.67E+11,5.96E+11,6.13E+11,5.94E+11,5.79E+11,5.80E+11,6.06E+11,6.31E+11,6.55E+11,6.34E+11,6.78E+11,7.45E+11,7.39E+11,7.61E+11,8.96E+11,1.03E+12,1.17E+12,1.32E+12,1.47E+12,1.55E+12,1.37E+12,1.62E+12,1.79E+12,1.83E+12,1.85E+12,1.81E+12,1.56E+12,1.53E+12,1.65E+12,1.73E+12,1.74E+12,1.66E+12,2.01E+12,2.16E+12
Japan,JPN,GDP (current US$),3.25E+11,4.41E+11,4.90E+11,5.33E+11,5.99E+11,7.37E+11,1.04E+12,1.08E+12,1.13E+12,1.25E+12,1.16E+12,1.27E+12,1.35E+12,1.43E+12,2.12E+12,2.58E+12,3.13E+12,3.11E+12,3.19E+12,3.65E+12,3.98E+12,4.54E+12,5.00E+12,5.55E+12,4.92E+12,4.49E+12,4.10E+12,4.64E+12,4.97E+12,4.37E+12,4.18E+12,4.52E+12,4.89E+12,4.83E+12,4.60E+12,4.58E+12,5.11E+12,5.29E+12,5.76E+12,6.23E+12,6.27E+12,5.21E+12,4.90E+12,4.44E+12,5.00E+12,4.93E+12,5.04E+12,5.12E+12,5.06E+12,5.03E+12,4.26E+12
France,FRA,GDP (current US$),2.03E+11,2.64E+11,2.86E+11,3.61E+11,3.72E+11,4.10E+11,5.07E+11,6.14E+11,7.01E+11,6.16E+11,5.85E+11,5.60E+11,5.31E+11,5.53E+11,7.71E+11,9.34E+11,1.02E+12,1.03E+12,1.27E+12,1.27E+12,1.40E+12,1.32E+12,1.39E+12,1.60E+12,1.61E+12,1.45E+12,1.50E+12,1.49E+12,1.37E+12,1.38E+12,1.50E+12,1.84E+12,2.12E+12,2.20E+12,2.32E+12,2.66E+12,2.93E+12,2.70E+12,2.65E+12,2.87E+12,2.68E+12,2.81E+12,2.86E+12,2.44E+12,2.47E+12,2.60E+12,2.79E+12,2.73E+12,2.65E+12,2.96E+12,2.78E+12
Germany,DEU,GDP (current US$),3.00E+11,3.98E+11,4.45E+11,4.91E+11,5.20E+11,6.00E+11,7.40E+11,8.81E+11,9.50E+11,8.00E+11,7.77E+11,7.71E+11,7.25E+11,7.33E+11,1.05E+12,1.30E+12,1.40E+12,1.40E+12,1.77E+12,1.87E+12,2.13E+12,2.07E+12,2.21E+12,2.59E+12,2.50E+12,2.21E+12,2.24E+12,2.19E+12,1.95E+12,1.95E+12,2.08E+12,2.50E+12,2.81E+12,2.85E+12,2.99E+12,3.43E+12,3.75E+12,3.41E+12,3.40E+12,3.75E+12,3.53E+12,3.73E+12,3.89E+12,3.36E+12,3.47E+12,3.69E+12,3.97E+12,3.89E+12,3.89E+12,4.28E+12,4.08E+12
India,IND,GDP growth (annual %),-0.55,3.3,1.19,9.15,1.66,7.25,5.71,-5.24,6.74,6.01,3.48,7.29,3.82,5.25,4.78,3.97,9.63,5.95,5.53,1.06,5.48,4.75,6.66,7.57,7.55,4.05,6.18,8.85,3.84,4.82,3.8,7.86,7.92,7.92,8.06,7.66,3.09,7.86,8.5,5.24,5.46,6.39,7.41,8,8.26,6.8,6.45,3.87,-5.78,9.69,6.99
Russian Federation,RUS,GDP growth (annual %),..,..,..,..,..,..,..,..,..,..,..,..,..,..,..,..,..,..,-3,-5.05,-14.53,-8.67,-12.57,-4.14,-3.76,1.4,-5.3,6.4,10,5.1,4.7,7.3,7.2,6.4,8.2,8.5,5.2,-7.8,4.5,4.3,4.02,1.76,0.74,-1.97,0.19,1.83,2.81,2.2,-2.65,5.61,-2.07
China,CHN,GDP growth (annual %),3.81,7.76,2.31,8.72,-1.57,7.57,11.33,7.59,7.83,5.11,9.02,10.77,15.19,13.43,8.95,11.66,11.22,4.21,3.92,9.26,14.22,13.88,13.04,10.95,9.92,9.24,7.85,7.66,8.49,8.34,9.13,10.04,10.11,11.39,12.72,14.23,9.65,9.4,10.64,9.55,7.86,7.77,7.43,7.04,6.85,6.95,6.75,5.95,2.24,8.45,2.99
South Africa,ZAF,GDP growth (annual %),1.65,4.57,6.11,1.7,2.25,-0.09,3.01,3.79,6.62,5.36,-0.38,-1.85,5.1,-1.21,0.02,2.1,4.2,2.39,-0.32,-1.02,-2.14,1.23,3.2,3.1,4.3,2.6,0.5,2.4,4.2,2.7,3.7,2.95,4.55,5.28,5.6,5.36,3.19,-1.54,3.04,3.17,2.4,2.49,1.41,1.32,0.66,1.16,1.56,0.26,-5.96,4.7,1.91
Brazil,BRA,GDP growth (annual %),11.94,13.97,8.15,5.17,10.26,4.93,4.97,6.76,9.2,-4.25,0.83,-2.93,5.4,7.85,7.49,3.53,-0.06,3.16,-4.35,1.03,-0.54,4.92,5.85,4.22,2.21,3.39,0.34,0.47,4.39,1.39,3.05,1.14,5.76,3.2,3.96,6.07,5.09,-0.13,7.53,3.97,1.92,3,0.5,-3.55,-3.28,1.32,1.78,1.22,-3.28,4.76,3.02
United States,USA,GDP growth (annual %),5.26,5.65,-0.54,-0.21,5.39,4.62,5.54,3.17,-0.26,2.54,-1.8,4.58,7.24,4.17,3.46,3.45,4.18,3.67,1.89,-0.11,3.52,2.75,4.03,2.68,3.77,4.45,4.48,4.79,4.08,0.96,1.7,2.8,3.85,3.48,2.78,2,0.11,-2.58,2.7,1.56,2.29,2.12,2.52,2.95,1.82,2.46,2.97,2.47,-2.21,5.8,1.94
United Kingdom,GBR,GDP growth (annual %),4.32,6.52,-2.48,-1.47,2.91,2.46,4.2,3.75,-2.03,-0.79,1.99,4.22,2.27,4.15,3.15,5.39,5.73,2.58,0.73,-1.1,0.4,2.49,3.85,2.53,2.58,4.92,3.41,3.07,4.32,2.58,1.79,3.15,2.43,2.74,2.39,2.62,-0.23,-4.61,2.24,1.15,1.51,1.79,3.2,2.22,1.92,2.66,1.4,1.64,-10.36,8.67,4.35
Italy,ITA,GDP growth (annual %),3.69,7.13,5.5,-2.09,7.13,2.56,3.24,5.96,3.43,0.84,0.41,1.17,3.23,2.8,2.86,3.19,4.19,3.39,1.99,1.54,0.83,-0.85,2.15,2.89,1.27,1.83,1.81,1.63,3.79,1.95,0.25,0.14,1.42,0.82,1.79,1.49,-0.96,-5.28,1.71,0.71,-2.98,-1.84,0,0.78,1.29,1.67,0.93,0.48,-8.97,8.31,3.99
Canada,CAN,GDP growth (annual %),5.52,6.73,3.36,1.55,5.89,3.53,3.74,3.73,2.18,3.42,-3.17,2.56,5.9,4.74,2.12,4.07,4.41,2.34,0.2,-2.09,0.89,2.66,4.49,2.68,1.69,4.28,3.89,5.14,5.14,1.88,3,1.81,3.09,3.21,2.64,2.05,1,-2.92,3.09,3.14,1.76,2.33,2.87,0.65,1.04,3.03,2.74,1.91,-5.04,5.29,3.82
Japan,JPN,GDP growth (annual %),8.41,8.03,-1.23,3.09,3.97,4.39,5.27,5.48,2.82,4.26,3.28,3.63,4.41,5.16,3.29,4.65,6.66,4.93,4.84,3.52,0.9,-0.46,1.08,2.63,3.13,0.98,-1.27,-0.33,2.76,0.39,0.04,1.54,2.19,1.8,1.37,1.48,-1.22,-5.69,4.1,0.02,1.37,2.01,0.3,1.56,0.75,1.68,0.64,-0.4,-4.15,2.56,0.95
France,FRA,GDP growth (annual %),4.51,6.34,4.3,-0.96,4.36,3.46,3.98,3.55,1.58,1.07,2.51,1.24,1.51,1.62,2.34,2.56,4.74,4.34,2.92,1.05,1.6,-0.63,2.36,2.11,1.41,2.34,3.59,3.42,3.92,1.98,1.14,0.82,2.83,1.66,2.45,2.42,0.25,-2.87,1.95,2.19,0.31,0.58,0.96,1.11,1.1,2.29,1.87,1.84,-7.54,6.44,2.45
Germany,DEU,GDP growth (annual %),4.3,4.78,0.89,-0.87,4.95,3.35,3.01,4.15,1.41,0.53,-0.39,1.57,2.82,2.33,2.29,1.4,3.71,3.9,5.26,5.11,1.92,-0.98,2.39,1.54,0.81,1.79,2.01,1.89,2.91,1.68,-0.2,-0.7,1.18,0.73,3.82,2.98,0.96,-5.69,4.18,3.93,0.42,0.44,2.21,1.49,2.23,2.68,0.98,1.08,-3.83,3.16,1.81
India,IND,GDP per capita (current US$),122.62,143.46,163.23,157.93,161.14,186.42,206.08,224.58,267.4,271.43,275.27,292.64,278.1,298,312.06,342.07,355.74,347.46,368.75,303.85,317.56,301.5,346.23,373.63,399.58,414.9,412.51,440.96,442.04,449.91,468.85,543.85,624.11,710.51,802.01,1022.73,993.5,1096.64,1350.63,1449.6,1434.02,1438.06,1559.86,1590.17,1714.28,1957.97,1974.38,2050.16,1915.55,2250.18,2366.31
Russian Federation,RUS,GDP per capita (current US$),..,..,..,..,..,..,..,..,..,..,..,..,..,..,..,..,3778.02,3429.65,3494.06,3490.45,3098.8,2930.67,2662.1,2665.78,2643.93,2737.57,1834.86,1330.76,1771.59,2100.35,2377.53,2975.12,4102.36,5323.46,6920.2,9101.24,11635.28,8562.82,10674.99,14305.33,15401.85,15941.45,14055.47,9277.71,8663.16,10658.91,11211.89,11447.7,10108.33,12521.52,15445.24
China,CHN,GDP per capita (current US$),131.89,157.09,160.15,178.34,165.4,185.42,156.4,183.98,194.8,197.07,203.33,225.43,250.71,294.46,281.93,251.81,283.54,310.88,317.88,333.14,366.46,377.39,473.49,609.6,709.42,781.74,828.59,873.29,959.36,1053.11,1148.51,1288.64,1508.67,1753.41,2099.22,2693.96,3468.33,3832.23,4550.47,5614.39,6300.58,7020.39,7636.07,8016.45,8094.39,8817.05,9905.41,10143.86,10408.72,12617.51,12662.58
South Africa,ZAF,GDP per capita (current US$),1034.49,1364.21,1650.48,1664.48,1554,1666.5,1846.85,2196.7,3034.66,3080.83,2769.1,3019.1,2590.02,1909.74,2103.19,2672.69,2780.59,2794.4,3160.88,3304.83,3519,3461.33,3547.95,3904.32,3654.93,3731.43,3336.44,3267.94,3241.66,2867.47,2708.42,4095.68,5268.28,5893.19,6139.58,6662.06,6251.88,6444.19,8059.56,8737.04,8173.87,7441.23,6965.14,6204.93,5735.07,6734.48,7067.72,6702.53,5753.07,7073.61,6766.48
Brazil,BRA,GDP per capita (current US$),..,..,..,..,..,..,..,..,..,..,..,..,..,..,..,..,..,2875.58,2554.37,2233.87,2105.13,2324.48,3263.56,4704.96,5121.91,5240.13,5049.76,3456.42,3726.81,3142.24,2824.72,3056.65,3623.22,4773.27,5866.02,7323.19,8801.76,8569.9,11249.29,13200.56,12327.51,12258.57,12071.4,8783.22,8680.74,9896.72,9121.02,8845.32,6923.7,7794.88,9065.5
United States,USA,GDP per capita (current US$),6094.02,6726.36,7225.69,7801.46,8592.25,9452.58,10564.95,11674.18,12574.79,13976.11,14433.79,15543.89,17121.23,18236.83,19071.23,20038.94,21417.01,22857.15,23888.6,24342.26,25418.99,26387.29,27694.85,28690.88,29967.71,31459.13,32853.67,34515.38,36329.97,37133.62,37997.74,39490.3,41724.64,44123.4,46301.99,48050.23,48570.06,47194.95,48650.66,50065.98,51784.41,53409.75,55304.32,57040.21,58206.61,60322.26,63201.05,65548.07,64317.4,71055.88,77246.67
United Kingdom,GBR,GDP per capita (current US$),3030.43,3426.28,3665.86,4299.75,4138.17,4681.44,5976.94,7804.76,10032.06,9599.31,9146.08,8691.52,8179.19,8652.22,10611.11,13118.59,15987.17,16239.28,19095.47,19900.73,20487.17,18389.02,19709.24,23168.95,24406.4,26766.01,28274.5,28762.09,28280.93,27906.57,30077.74,34442.69,40366.89,42104.79,44512.46,50397.69,47396.12,38744.13,39598.96,42109.64,42497.34,43426.3,47439.62,44964.39,40985.24,40572.12,43203.81,42662.54,40217.01,46869.76,45564.16
Italy,ITA,GDP per capita (current US$),2671.14,3205.25,3621.15,4106.99,4033.1,4603.6,5610.5,6990.29,8456.92,7622.83,7556.52,7832.58,7739.72,7990.69,11315.02,14234.73,15744.66,16386.66,20825.78,21956.53,23243.47,18738.76,19337.63,20664.55,23081.6,21829.35,22318.14,22005.05,20137.59,20500.95,22376.3,27526.32,31317.2,32055.09,33529.73,37870.75,40944.91,37226.76,36035.64,38649.64,35051.52,35560.08,35565.72,30242.39,30960.73,32406.72,34622.17,33673.75,31922.92,36441.06,35068.84
Canada,CAN,GDP per capita (current US$),5106.74,5858.33,7056.71,7536.52,8838.95,8949.11,9154.43,10077.5,11208.2,12379.04,12527.31,13477.1,13930.47,14170.12,14521.18,16377.69,19012.57,20794.68,21525.86,21846.79,20950.33,20186.8,19997.62,20679.63,21296.97,21901.56,21024.59,22315.25,24271,23822.1,24256.02,28301.86,32145.54,36383.66,40504.04,44660.08,46710.25,40874.88,47560.67,52223.86,52670.34,52638.12,50960.84,43594.19,42314.06,45129.63,46539.18,46352.87,43537.84,52496.84,55509.39
Japan,JPN,GDP per capita (current US$),3031.44,4061.01,4448.32,4775.9,5310.43,6472.79,9012.14,9301.15,9668.75,10583.13,9779.97,10652.01,11207.45,11809.46,17451.83,21141.72,25499.88,25265.95,25801.4,29428.43,31992.79,36345.24,39933.52,44197.62,39150.04,35638.23,32423.76,36610.17,39169.36,34406.18,32820.79,35387.04,38298.98,37812.9,35991.55,35779.02,39876.3,41309,44968.16,48760.08,49145.28,40898.65,38475.4,34960.64,39375.47,38834.05,39751.13,40415.96,40040.77,40058.54,34017.27
France,FRA,GDP per capita (current US$),3865.93,4984.2,5345.92,6717.44,6899.07,7566.66,9299.77,11213.02,12738.52,11116.86,10501.61,9998.98,9430.07,9778.09,13566.66,16340.73,17727.51,17747.58,21865.56,21675.71,23814.23,22380.33,23496.37,26889.43,26870.29,24226.88,24971.57,24678.39,22416.43,22449.34,24288.27,29627.92,33797.16,34768.18,36470.21,41557.62,45515.96,41737.76,40676.06,43846.47,40870.85,42602.72,43068.55,36652.92,37062.53,38781.05,41557.85,40494.9,39179.74,43671.31,40886.25
Germany,DEU,GDP per capita (current US$),3809.98,5046.76,5639.08,6236.36,6634.86,7682.95,9482.04,11281.02,12138.31,10209.07,9913.74,9864.34,9313.17,9429.57,13461.83,16677.51,17931.28,17764.38,22303.96,23357.76,26438.23,25522.63,27076.61,31658.35,30485.87,26964.05,27289.06,26734.94,23694.76,23628.33,25197.27,30310.36,34106.66,34520.24,36353.88,41640.08,45612.71,41650.37,41572.46,46705.9,43855.85,46298.92,48023.87,41103.26,42136.12,44652.59,47939.28,46805.14,46749.48,51426.75,48717.99
India,IND,GDP per capita growth (annual %),-2.74,1,-1.07,6.73,-0.56,4.91,3.4,-7.32,4.35,3.62,1.16,4.89,1.5,2.91,2.46,1.69,7.26,3.67,3.3,-1.05,3.32,2.63,4.53,5.45,5.47,2.07,4.2,6.85,1.97,2.95,1.98,6.02,6.13,6.21,6.43,6.09,1.63,6.37,7.01,3.82,4.06,5.01,6.09,6.72,6.98,5.57,5.3,2.81,-6.67,8.82,6.26
Russian Federation,RUS,GDP per capita growth (annual %),..,..,..,..,..,..,..,..,..,..,..,..,..,..,..,..,..,..,-3.16,-5.32,-14.61,-8.62,-12.54,-4.12,-3.61,1.57,-5.14,6.73,10.46,5.55,5.18,7.79,7.63,6.81,8.55,8.69,5.25,-7.83,4.45,4.22,3.85,1.54,-1.05,-2.18,0.01,1.71,2.82,2.24,-2.45,5.53,-2.16
China,CHN,GDP per capita growth (annual %),1.29,5.33,0.22,6.82,-3.08,6.11,9.85,6.17,6.49,3.77,7.42,9.18,13.69,11.9,7.34,9.88,9.45,2.62,2.41,7.78,12.83,12.58,11.77,9.75,8.78,8.12,6.82,6.73,7.64,7.55,8.4,9.35,9.46,10.74,12.09,13.64,9.09,8.86,10.1,8.95,7.13,7.05,6.75,6.42,6.24,6.3,6.25,5.58,2,8.35,3
South Africa,ZAF,GDP per capita growth (annual %),-1.21,1.64,3.17,-1.07,-0.46,-2.74,0.27,1.07,3.85,2.68,-2.92,-4.44,2.2,-4.09,-3.21,-1.41,0.65,-0.98,-3.34,-3.52,-4.13,-0.59,1.43,1.42,2.72,1.19,-0.74,1.27,3.2,1.79,2.76,2,3.58,4.29,4.59,4.3,2.03,-2.7,1.82,1.87,1.04,1.1,-0.17,-0.76,-0.31,0.77,0.32,-1.03,-7.11,3.66,1.06
Brazil,BRA,GDP per capita growth (annual %),9.25,11.25,5.61,2.72,7.7,2.49,2.52,4.27,6.66,-6.45,-1.45,-5.09,3.11,5.57,5.29,1.48,-1.98,1.24,-6.07,-0.7,-2.18,3.24,4.18,2.61,0.66,1.86,-1.12,-0.95,2.97,0.06,1.76,-0.05,4.56,2.06,2.85,4.98,4.06,-1.07,6.52,3.01,1.01,2.11,-0.35,-4.36,-4.06,0.52,0.98,0.45,-3.92,4.21,2.54
United States,USA,GDP per capita growth (annual %),4.13,4.64,-1.45,-1.18,4.39,3.58,4.42,2.03,-1.21,1.54,-2.73,3.63,6.31,3.25,2.51,2.53,3.24,2.7,0.74,-1.43,2.1,1.41,2.76,1.47,2.57,3.2,3.27,3.59,2.93,-0.04,0.76,1.92,2.89,2.53,1.8,1.04,-0.83,-3.43,1.85,0.83,1.54,1.41,1.77,2.19,1.08,1.81,2.43,2,-3.16,5.63,1.56
United Kingdom,GBR,GDP per capita growth (annual %),3.97,6.32,-2.55,-1.47,2.94,2.49,4.2,3.66,-2.15,-0.82,2.03,4.19,2.11,3.91,2.91,5.17,5.5,2.31,0.43,-1.41,0.13,2.24,3.58,2.26,2.32,4.66,3.11,2.72,3.95,2.18,1.36,2.67,1.85,2.04,1.64,1.82,-1.01,-5.33,1.44,0.36,0.81,1.11,2.44,1.41,1.15,1.96,0.79,1.07,-10.69,8.76,3.17
Italy,ITA,GDP per capita growth (annual %),3.1,6.4,4.81,-2.67,6.59,2.13,2.87,5.65,3.22,0.72,0.34,1.13,3.2,2.77,2.85,3.18,4.14,3.31,1.9,1.47,0.77,-0.91,2.13,2.89,1.24,1.78,1.78,1.61,3.74,1.89,0.1,-0.31,0.77,0.32,1.49,0.98,-1.62,-5.71,1.4,0.53,-3.24,-2.97,-0.92,0.88,1.47,1.82,1.12,1.65,-8.53,8.87,4.33
Canada,CAN,GDP per capita growth (annual %),4.3,5.43,1.92,0.07,4.51,2.33,2.71,2.7,0.87,2.15,-4.31,1.55,4.9,3.78,1.11,2.71,3.07,0.52,-1.3,-3.3,-0.3,1.54,3.36,1.63,0.63,3.25,3.03,4.29,4.16,0.77,1.89,0.9,2.14,2.24,1.6,1.06,-0.09,-4.02,1.95,2.14,0.66,1.25,1.85,-0.11,-0.1,1.81,1.28,0.43,-6.06,4.71,1.96
Japan,JPN,GDP per capita growth (annual %),6.91,6.52,-2.53,1.79,2.87,3.38,4.32,4.59,2.01,3.5,2.57,2.91,3.74,4.5,2.75,4.15,6.22,4.51,4.49,3.12,0.53,-0.78,0.8,2.39,2.9,0.74,-1.54,-0.52,2.59,0.14,-0.19,1.32,2.15,1.79,1.31,1.37,-1.27,-5.68,4.08,0.21,1.54,2.15,0.43,1.67,0.81,1.76,0.77,-0.26,-3.86,3.03,1.4
France,FRA,GDP per capita growth (annual %),3.61,5.51,3.59,-1.51,3.87,2.98,3.47,3.04,1.03,0.49,1.91,0.7,1,1.1,1.8,2.02,4.19,3.81,2.43,0.16,1.09,-1.06,1.98,1.74,1.05,1.97,3.21,2.89,3.21,1.24,0.4,0.11,2.08,0.9,1.74,1.8,-0.3,-3.37,1.45,1.7,-0.17,0.06,0.48,0.75,0.83,1.99,1.5,1.5,-7.79,6.13,2.14
Germany,DEU,GDP per capita growth (annual %),3.8,4.45,0.85,-0.5,5.4,3.58,3.1,4.1,1.2,0.38,-0.3,1.84,3.18,2.56,2.24,1.25,3.3,3.1,4.35,4.35,1.15,-1.63,2.04,1.25,0.51,1.64,2,1.82,2.77,1.51,-0.37,-0.76,1.2,0.79,3.93,3.11,1.15,-5.45,4.34,5.87,0.23,0.16,1.78,0.62,1.41,2.3,0.68,0.85,-3.91,3.12,1.07
India,IND,Gross savings (% of GDP),..,..,..,13.1,15.97,15.4,15.06,15.77,14.53,15.81,15.81,15.35,15.8,16.8,15.79,16.98,18.16,20.14,21.21,21.76,23.25,24.08,25.95,26.97,27.05,27.55,25.89,25.64,26.12,26.26,28.11,30.47,33.33,34.42,36.36,37.01,36.25,35.62,36.31,35.13,35.26,34.3,33.47,32.45,31.73,31.71,31.41,29.7,28.68,29.87,29.89
Russian Federation,RUS,Gross savings (% of GDP),..,..,..,..,..,..,..,..,..,..,..,..,..,..,..,..,..,..,..,..,..,..,29.58,28.02,27.12,21.95,19.32,28.25,36.15,32.51,28.77,28.27,30.26,30.55,30.66,31.27,30.06,20.88,26.28,28.76,27.24,24.28,24.51,26.37,25.01,25.67,28.95,26.54,25.77,30.34,31.81
China,CHN,Gross savings (% of GDP),..,..,..,..,..,..,..,..,..,..,33.8,33.15,34.9,35.28,35.25,37.23,37.98,35.88,36.69,38.5,40.61,41.71,41.7,39.53,38.76,39.74,38.35,36.56,35.74,37.27,38.88,42.41,45.67,45.95,48.26,50.28,51.79,50.37,51.33,49.23,48.67,47.38,47.62,45.42,44.38,44.91,44.49,43.77,43.93,45.47,46.05
South Africa,ZAF,Gross savings (% of GDP),27.08,30.43,32.26,26.53,25.75,26,26.5,27.79,30.14,26.32,23.32,22.43,21.19,21.26,20,18.32,18.28,18.99,14.53,14.92,14.77,15.82,15.37,16.72,15.67,14.87,14.77,14.41,15.11,14.76,17.95,18.39,16.98,17.7,18.11,17.01,16.32,17.38,17.14,16.1,13.5,13.84,13.68,14.29,14.29,14.24,13.23,13.22,14.48,16.34,14.87
Brazil,BRA,Gross savings (% of GDP),..,..,..,20.59,19.14,19.73,19.48,18.33,17.63,18.97,15.88,14.22,17.4,20.11,17.87,22.64,25.62,35.81,18.96,18.73,20.2,20.25,19.12,14.44,14.04,13.71,13.89,12.74,13.99,13.59,15.41,16.42,18.86,18.11,18.41,19.35,19.23,16.38,17.8,18.6,17.68,18.15,16.13,14.53,13.42,13.58,12.71,12.25,14.79,17.16,15.83
United States,USA,Gross savings (% of GDP),22.11,23.79,22.68,20.92,21.46,22.21,23.43,23.52,22.2,23.37,21.79,19.8,21.91,20.37,18.96,19.62,20.63,19.75,18.76,18.81,17.69,17.05,17.86,18.76,19.65,20.85,21.39,20.93,20.81,19.66,18.38,17.43,17.73,18.12,19.2,17.43,15.06,13.89,15.38,16.34,18.38,18.56,19.66,19.7,18.56,18.98,19.23,19.51,18.62,17.92,18.16
United Kingdom,GBR,Gross savings (% of GDP),22.11,22.92,20.06,19.31,20.62,21.77,22.12,21.24,19.64,18.4,18.24,18.88,19.18,18.69,17.5,17.73,17.91,17.63,16.35,15.66,14.65,14.5,16.65,15.52,15.73,16.23,17.48,15.96,16.59,16.52,16.38,16.12,15.47,15.99,15.27,14.92,13.71,11.9,13.41,14.3,12.91,11.91,12.7,12.92,12.48,14.99,14.25,15.69,14.7,17.46,16.72
Italy,ITA,Gross savings (% of GDP),24.78,24.98,25.74,24.06,25.63,25.63,26.06,26.14,24.76,22.51,22.19,22.78,22.87,22.47,22.09,21.92,21.98,21.27,21.11,20.26,19.26,19.98,20.08,22.1,22.37,22.42,21.63,21.03,20.59,21,21.07,20.4,20.78,20.28,20.49,20.88,18.99,17.63,17.27,17.64,17.55,18.03,18.86,18.53,20.2,20.68,21.13,21.49,21.59,24.13,21.46
Canada,CAN,Gross savings (% of GDP),21.32,23.4,24.29,21.24,21.88,20.6,20.3,22.05,22.17,22.49,19.9,20.05,20.91,20.53,18.97,20.17,20.96,20.14,17.76,15.14,14.06,14.88,16.98,18.95,19.46,20.2,19.77,21.1,23.77,22.64,21.72,21.94,23.66,24.45,24.62,24.4,24.25,18.52,19.31,20.86,20.92,21.6,22.15,19.57,19.15,19.85,19.58,20.26,19.46,23.29,24.07
Japan,JPN,Gross savings (% of GDP),..,..,..,..,..,..,..,..,..,..,..,..,..,..,..,..,..,..,..,..,..,..,..,..,33.43,33.21,32.35,30.65,31.03,29.72,28.5,28.72,29.32,29.51,29.82,30.34,28.64,25.33,26.38,25.58,24.9,25.25,25.77,28.18,28.73,29.29,29.13,29.17,28.17,29.55,28.45
France,FRA,Gross savings (% of GDP),..,..,..,25.4,25.16,24.95,25.03,25.04,24.35,22,20.8,20.39,20.18,20.19,21.47,21.38,22.69,23.22,23.33,22.96,22.38,21.24,21.35,21.88,21.76,22.8,23.86,24.49,23.84,23.94,22.75,22.24,22.55,22.46,23.31,23.75,23.44,20.97,21.09,22.12,21.46,21.39,21.49,22.25,22.01,22.75,23.16,23.77,20.85,23.57,22.64
Germany,DEU,Gross savings (% of GDP),24.98,24.7,23.54,20.02,20.54,20.25,21.14,20.6,19.38,18.01,18.32,18.88,19.5,20.3,21.81,20.97,22.15,23.15,24.4,23.72,23.51,22.51,22.75,23.04,22.52,22.79,23.23,22.56,22.67,22.54,22.64,21.8,24.32,24.13,26.34,28.27,27.15,24.4,25.78,27.82,26.8,26.58,27.57,28.31,28.6,28.84,29.88,30.09,29.07,30.87,29.18
India,IND,Imports of goods and services (% of GDP),3.71,4.72,6.02,6.65,6.11,6.26,6.59,8.17,9.25,8.57,8.14,7.85,7.73,7.65,7.02,6.98,7.46,8.15,8.45,8.49,9.59,9.82,10.19,12.02,11.54,11.93,12.68,13.36,13.9,13.43,15.24,15.64,19.64,22.4,24.46,24.89,29.27,25.87,26.85,31.08,31.26,28.41,25.95,22.11,20.92,21.95,23.69,21.24,19.08,24.02,26.76
Russian Federation,RUS,Imports of goods and services (% of GDP),..,..,..,..,..,..,..,..,..,..,..,..,..,..,..,..,..,21.01,17.94,12.99,48.25,30.49,23.2,25.89,21.85,22.53,24.55,26.17,24.03,24.22,24.43,23.88,22.16,21.51,21,21.54,22.07,20.5,21.14,19.98,20.24,20.44,20.69,20.66,20.66,20.79,20.79,20.8,20.44,20.43,15.23
China,CHN,Imports of goods and services (% of GDP),2.57,3.8,5.35,5.11,4.77,4.61,8.2,8.71,11.43,11.34,8.67,8.4,9.51,12.38,11.17,12.38,15.68,13.26,10.66,11.46,14.49,19.35,17.23,16.32,15.89,15.04,14.08,15.36,18.52,18.22,20.1,24.82,28.44,28.38,28.44,26.76,25.01,20.44,23.53,24.17,22.78,22.15,21.4,18.11,17.31,17.94,18.45,17.48,16.17,17.36,17.56
South Africa,ZAF,Imports of goods and services (% of GDP),19.31,19.46,24.64,25.97,24.97,21.93,22.53,22.86,24.64,26.99,23.75,18.49,20.89,20.05,19.4,18.08,20.05,18.99,16.67,15.54,15.37,15.78,17.57,19.44,20.42,20.64,21.52,19.99,21.82,22.81,25.03,21.81,22.89,23.83,27.67,29.17,33.72,24.6,24.62,26.94,28.44,30.5,30.5,29.01,27.71,26.2,26.99,26.7,23.16,24.97,31.52
Brazil,BRA,Imports of goods and services (% of GDP),8.86,9.01,13.29,11.02,9.4,7.91,7.88,9.33,11.19,10.01,8.59,9.66,8.79,7.5,6.64,6.43,6.1,5.46,6.96,7.91,8.39,9.1,9.16,9.46,8.91,9.59,9.41,11.42,12.45,14.56,13.39,12.96,13.13,11.84,11.67,11.96,13.72,11.25,11.91,12.35,13.24,14.04,13.67,14.05,12.07,11.8,14.24,14.77,15.85,18.55,19.19
United States,USA,Imports of goods and services (% of GDP),5.8,6.4,8.25,7.28,8.07,8.76,9.03,9.62,10.28,9.91,9.07,9.04,10.03,9.62,9.89,10.48,10.58,10.48,10.56,10.13,10.24,10.5,11.16,11.81,11.94,12.31,12.31,13,14.41,13.26,13.15,13.59,14.82,15.66,16.33,16.55,17.44,13.83,15.88,17.28,17.04,16.39,16.4,15.28,14.56,14.95,15.16,14.48,13.02,14.45,15.41
United Kingdom,GBR,Imports of goods and services (% of GDP),20.73,24.76,31.63,27.08,29.11,28.94,26.67,26.98,24.41,23.13,23.7,24.77,27.57,26.75,25.41,25.27,25.18,26.03,24.91,22.71,23.37,24.91,25.8,25.22,25.88,25.2,24.91,25.33,26.86,27.27,26.87,26.18,26.38,27.41,29.4,27.45,29.19,28.12,30.42,32.18,31.61,31.71,30.52,29.36,30.8,32.23,32.96,33.03,29.08,29.75,36.1
Italy,ITA,Imports of goods and services (% of GDP),15.51,17.96,22.28,18.67,21.15,20.43,19.59,21.33,22.79,23.62,22.39,19.86,21.43,21.52,17.46,17.58,17.53,18.54,18.06,16.84,17.43,17.36,18.58,21.01,19.17,20.44,21.03,21.42,24.78,24.39,23.65,22.85,23.42,24.7,26.99,27.7,27.63,23.02,26.93,28.27,27.28,26.23,26.21,26.7,26.04,27.87,28.95,28.28,25.83,29.96,38.14
Canada,CAN,Imports of goods and services (% of GDP),20.64,21.6,24.09,23.9,22.58,23.06,24.31,25.91,25.81,25.72,21.42,21.78,24.54,25.3,26.08,24.86,25.31,25.02,24.92,24.87,26.54,29.11,31.61,32.96,33.16,36.2,38.05,38.25,38.56,36.3,35.65,32.97,32.86,32.9,32.65,32.05,32.63,29.96,31.04,31.82,32.24,31.9,32.64,34.31,33.86,33.65,34.27,33.82,31.68,31.21,33.71
Japan,JPN,Imports of goods and services (% of GDP),7.83,9.47,13.57,12.07,12.07,10.84,8.87,11.8,13.8,13.22,13.09,11.51,11.7,10.49,7.1,7.04,7.48,8.61,9.29,8.14,7.5,6.81,6.97,7.57,8.94,9.4,8.63,8.32,9.1,9.48,9.59,9.86,10.88,12.41,14.36,15.53,16.89,11.97,13.58,15.42,16.06,18.19,20.01,17.99,15.25,16.83,18.29,17.75,15.8,18.65,25.3
France,FRA,Imports of goods and services (% of GDP),15.85,16.88,21.73,17.86,20.26,20.4,19.2,20.32,22.52,23.44,23.85,22.7,23.71,23.69,20.5,20.7,21.03,22.34,21.76,21.65,20.66,19.11,20.17,21.02,21.27,22.51,23.38,23.68,27.27,26.69,25.54,24.69,25.46,26.95,28.17,28.57,29.28,25.63,28.08,30.37,30.5,30.4,30.81,31.16,30.85,32.01,32.72,32.55,29.45,31.92,38.56
Germany,DEU,Imports of goods and services (% of GDP),16.18,16.35,18.72,18.8,20.3,20.12,19.54,21.4,23.23,24.05,23.52,23.28,24.52,24.98,21.66,21.01,21.44,22.92,23.03,24.15,22.7,20.26,20.95,21.59,22.15,24.28,25.18,26.41,30.68,30.22,28.34,29.04,30.51,32.86,36.02,36.55,37.73,33.11,37.3,40.15,40.21,39.66,39,39.33,38.7,40.07,41.21,41.19,37.67,41.88,48.96
India,IND,"Inflation, consumer prices (annual %)",6.44,16.94,28.6,5.75,-7.63,8.31,2.52,6.28,11.35,13.11,7.89,11.87,8.32,5.56,8.73,8.8,9.38,7.07,8.97,13.87,11.79,6.33,10.25,10.22,8.98,7.16,13.23,4.67,4.01,3.78,4.3,3.81,3.77,4.25,5.8,6.37,8.35,10.88,11.99,8.91,9.48,10.02,6.67,4.91,4.95,3.33,3.94,3.73,6.62,5.13,6.7
Russian Federation,RUS,"Inflation, consumer prices (annual %)",..,..,..,..,..,..,..,..,..,..,..,..,..,..,..,..,..,..,..,..,..,874.25,307.72,197.41,47.75,14.76,27.69,85.75,20.8,21.48,15.79,13.66,10.89,12.69,9.67,9.01,14.11,11.65,6.85,8.44,5.07,6.75,7.82,15.53,7.04,3.68,2.88,4.47,3.38,6.69,..
China,CHN,"Inflation, consumer prices (annual %)",..,..,..,..,..,..,..,..,..,..,..,..,..,..,..,7.23,18.81,18.25,3.05,3.56,6.35,14.61,24.26,16.79,8.31,2.79,-0.77,-1.4,0.35,0.72,-0.73,1.13,3.82,1.78,1.65,4.82,5.93,-0.73,3.18,5.55,2.62,2.62,1.92,1.44,2,1.59,2.07,2.9,2.42,0.98,1.97
South Africa,ZAF,"Inflation, consumer prices (annual %)",6.43,9.43,11.72,13.43,11.02,11.15,11.14,13.29,13.66,15.25,14.64,12.3,11.53,16.29,18.65,16.16,12.78,14.73,14.32,15.33,13.87,9.72,8.94,8.68,7.35,8.6,6.88,5.18,5.34,5.7,9.49,5.68,-0.69,2.06,3.24,6.18,10.07,7.22,4.09,5,5.72,5.78,6.13,4.54,6.57,5.18,4.52,4.12,3.21,4.61,7.04
Brazil,BRA,"Inflation, consumer prices (annual %)",..,..,..,..,..,..,..,..,..,101.73,100.54,135.03,192.12,225.99,147.14,228.34,629.11,1430.72,2947.73,432.79,951.96,1927.38,2075.89,66.01,15.76,6.93,3.2,4.86,7.04,6.84,8.45,14.71,6.6,6.87,4.18,3.64,5.68,4.89,5.04,6.64,5.4,6.2,6.33,9.03,8.74,3.45,3.66,3.73,3.21,8.3,9.28
United States,USA,"Inflation, consumer prices (annual %)",3.27,6.18,11.05,9.14,5.74,6.5,7.63,11.25,13.55,10.33,6.13,3.21,4.3,3.55,1.9,3.66,4.08,4.83,5.4,4.23,3.03,2.95,2.61,2.81,2.93,2.34,1.55,2.19,3.38,2.83,1.59,2.27,2.68,3.39,3.23,2.85,3.84,-0.36,1.64,3.16,2.07,1.46,1.62,0.12,1.26,2.13,2.44,1.81,1.23,4.7,8
United Kingdom,GBR,"Inflation, consumer prices (annual %)",7.07,9.2,16.04,24.21,16.56,15.84,8.26,13.42,17.97,11.88,8.6,4.61,4.96,6.07,3.43,4.15,4.16,5.76,8.06,7.46,4.59,2.56,2.22,2.7,2.85,2.2,1.82,1.75,1.18,1.53,1.52,1.38,1.39,2.09,2.46,2.39,3.52,1.96,2.49,3.86,2.57,2.29,1.45,0.37,1.01,2.56,2.29,1.74,0.99,2.52,7.92
Italy,ITA,"Inflation, consumer prices (annual %)",5.75,10.8,19.16,16.95,16.61,17.13,12.09,14.8,21.06,17.97,16.48,14.65,10.79,9.21,5.82,4.75,5.06,6.26,6.46,6.25,5.27,4.63,4.05,5.24,4.01,2.04,1.96,1.66,2.54,2.79,2.47,2.67,2.21,1.99,2.09,1.83,3.35,0.77,1.53,2.78,3.04,1.22,0.24,0.04,-0.09,1.23,1.14,0.61,-0.14,1.87,8.2
Canada,CAN,"Inflation, consumer prices (annual %)",4.99,7.49,11,10.67,7.54,7.98,8.97,9.14,10.13,12.47,10.77,5.86,4.3,3.96,4.19,4.36,4.03,4.98,4.78,5.63,1.49,1.87,0.17,2.15,1.57,1.62,1,1.73,2.72,2.53,2.26,2.76,1.86,2.21,2,2.14,2.37,0.3,1.78,2.91,1.52,0.94,1.91,1.13,1.43,1.6,2.27,1.95,0.72,3.4,6.8
Japan,JPN,"Inflation, consumer prices (annual %)",4.84,11.61,23.22,11.73,9.37,8.16,4.21,3.7,7.78,4.91,2.74,1.9,2.26,2.03,0.6,0.13,0.68,2.27,3.08,3.25,1.76,1.24,0.7,-0.13,0.14,1.75,0.66,-0.34,-0.68,-0.74,-0.92,-0.26,-0.01,-0.28,0.25,0.06,1.38,-1.35,-0.73,-0.27,-0.04,0.34,2.76,0.8,-0.13,0.48,0.99,0.47,-0.02,-0.23,2.5
France,FRA,"Inflation, consumer prices (annual %)",6.06,7.38,13.65,11.69,9.63,9.49,9.25,10.65,13.56,13.31,11.98,9.46,7.67,5.83,2.54,3.29,2.7,3.5,3.19,3.21,2.36,2.1,1.66,1.8,1.98,1.2,0.65,0.54,1.68,1.63,1.92,2.1,2.14,1.75,1.68,1.49,2.81,0.09,1.53,2.11,1.95,0.86,0.51,0.04,0.18,1.03,1.85,1.11,0.48,1.64,5.22
Germany,DEU,"Inflation, consumer prices (annual %)",5.48,7.03,6.99,5.91,4.25,3.73,2.72,4.04,5.44,6.34,5.24,3.29,2.41,2.07,-0.13,0.25,1.27,2.78,2.7,4.05,5.06,4.47,2.69,1.71,1.45,1.94,0.91,0.59,1.44,1.98,1.42,1.03,1.67,1.55,1.58,2.3,2.63,0.31,1.1,2.08,2.01,1.5,0.91,0.51,0.49,1.51,1.73,1.45,0.14,3.07,6.87
India,IND,Population ages 65 and above (% of total population),3.69,3.73,3.78,3.83,3.87,3.91,3.94,3.97,3.98,4,4,4.01,4.02,4.02,4.03,4.04,4.05,4.06,4.08,4.1,4.13,4.16,4.2,4.24,4.28,4.33,4.38,4.44,4.49,4.55,4.61,4.68,4.74,4.79,4.85,4.9,4.95,5.01,5.07,5.14,5.22,5.32,5.46,5.64,5.84,6.04,6.25,6.47,6.67,6.8,6.9
Russian Federation,RUS,Population ages 65 and above (% of total population),8.2,8.44,8.7,8.98,9.25,9.54,9.82,10.07,10.19,10.14,9.98,9.87,9.79,9.64,9.51,9.45,9.5,9.68,9.96,10.31,10.75,11.22,11.6,11.9,12.11,12.28,12.35,12.32,12.35,12.49,12.77,13.14,13.5,13.8,13.98,13.93,13.58,13.14,12.79,12.7,12.83,13.01,13.29,13.62,13.9,14.22,14.54,14.91,15.31,15.59,15.8
China,CHN,Population ages 65 and above (% of total population),3.78,3.82,3.88,3.95,4.02,4.09,4.18,4.29,4.39,4.48,4.56,4.64,4.72,4.82,4.91,4.99,5.08,5.19,5.3,5.4,5.51,5.66,5.82,5.98,6.15,6.32,6.51,6.72,6.92,7.12,7.32,7.5,7.67,7.83,8,8.16,8.3,8.45,8.62,8.82,9.05,9.32,9.63,10.02,10.46,10.95,11.48,12.02,12.6,13.15,13.72
South Africa,ZAF,Population ages 65 and above (% of total population),3.6,3.64,3.67,3.71,3.74,3.78,3.81,3.84,3.86,3.88,3.9,3.91,3.92,3.94,3.94,3.92,3.89,3.87,3.86,3.87,3.9,3.95,4,4.04,4.09,4.12,4.13,4.14,4.16,4.19,4.24,4.29,4.36,4.45,4.53,4.61,4.7,4.79,4.89,4.99,5.11,5.23,5.35,5.43,5.57,5.74,5.85,5.95,6,5.97,5.89
Brazil,BRA,Population ages 65 and above (% of total population),3.3,3.36,3.43,3.49,3.56,3.62,3.68,3.74,3.8,3.85,3.9,3.95,4.01,4.06,4.13,4.2,4.28,4.37,4.47,4.56,4.66,4.76,4.87,4.97,5.08,5.19,5.29,5.4,5.5,5.61,5.73,5.86,5.99,6.14,6.28,6.44,6.59,6.75,6.91,7.07,7.24,7.43,7.66,7.91,8.16,8.43,8.71,9,9.29,9.58,9.88
United States,USA,Population ages 65 and above (% of total population),9.98,10.11,10.27,10.45,10.65,10.86,11.04,11.17,11.28,11.38,11.48,11.55,11.66,11.81,11.92,12,12.15,12.27,12.28,12.33,12.4,12.43,12.48,12.54,12.55,12.51,12.46,12.4,12.32,12.3,12.29,12.28,12.3,12.36,12.42,12.51,12.67,12.86,13.03,13.27,13.58,13.89,14.14,14.33,14.67,15.07,15.4,15.79,16.22,16.68,17.13
United Kingdom,GBR,Population ages 65 and above (% of total population),13.42,13.62,13.82,14.03,14.23,14.42,14.62,14.8,14.93,15.01,15,14.93,14.95,15.11,15.32,15.49,15.6,15.66,15.72,15.76,15.79,15.79,15.79,15.81,15.81,15.8,15.77,15.73,15.72,15.74,15.76,15.79,15.82,15.84,15.85,15.89,16,16.16,16.34,16.6,16.95,17.3,17.58,17.8,17.97,18.14,18.32,18.53,18.72,18.92,19.17
Italy,ITA,Population ages 65 and above (% of total population),11.55,11.76,11.98,12.21,12.42,12.66,12.91,13.16,13.28,13.28,13.22,13.06,12.96,13.13,13.48,13.85,14.22,14.59,14.95,15.33,15.7,16.04,16.38,16.75,17.12,17.43,17.72,18.01,18.31,18.6,18.87,19.12,19.39,19.71,19.98,20.14,20.22,20.32,20.41,20.63,20.98,21.32,21.69,22.01,22.28,22.52,22.76,23.06,23.37,23.68,24.05
Canada,CAN,Population ages 65 and above (% of total population),8.13,8.24,8.35,8.47,8.63,8.8,9,9.2,9.39,9.56,9.7,9.84,10.02,10.23,10.47,10.69,10.88,11.05,11.23,11.39,11.54,11.67,11.8,11.92,12.05,12.18,12.3,12.4,12.49,12.58,12.66,12.76,12.87,12.99,13.16,13.35,13.57,13.8,14.06,14.4,14.8,15.21,15.62,16.01,16.4,16.78,17.16,17.56,18.02,18.52,19.03
Japan,JPN,Population ages 65 and above (% of total population),7.48,7.67,7.86,8.07,8.28,8.53,8.78,9.04,9.3,9.55,9.8,10.04,10.26,10.54,10.86,11.18,11.54,11.94,12.4,12.9,13.41,13.92,14.44,14.96,15.51,16.08,16.66,17.22,17.8,18.42,19.02,19.57,20.06,20.6,21.26,21.94,22.58,23.17,23.6,23.98,24.65,25.58,26.53,27.33,27.95,28.46,28.9,29.28,29.58,29.79,29.92
France,FRA,Population ages 65 and above (% of total population),13.17,13.29,13.41,13.55,13.66,13.78,13.92,14.04,13.98,13.7,13.37,13.1,12.91,12.96,13.2,13.44,13.66,13.88,14.1,14.33,14.56,14.78,15.01,15.25,15.49,15.7,15.88,16.03,16.16,16.26,16.36,16.42,16.51,16.58,16.59,16.63,16.73,16.85,16.98,17.27,17.71,18.17,18.65,19.11,19.53,19.93,20.31,20.68,21.01,21.32,21.66
Germany,DEU,Population ages 65 and above (% of total population),14.12,14.37,14.64,14.87,15.06,15.28,15.5,15.67,15.69,15.47,15.11,14.73,14.52,14.56,14.71,14.82,14.87,14.87,14.9,14.95,15.03,15.15,15.31,15.48,15.63,15.74,15.85,16.06,16.43,16.86,17.31,17.8,18.37,18.99,19.56,19.94,20.19,20.41,20.45,20.4,20.46,20.57,20.74,20.95,21.14,21.31,21.5,21.73,21.96,22.17,22.41
India,IND,Population growth (annual %),2.23,2.25,2.26,2.24,2.21,2.21,2.21,2.22,2.26,2.28,2.26,2.26,2.26,2.25,2.24,2.21,2.18,2.17,2.14,2.1,2.07,2.05,2.02,1.99,1.95,1.92,1.89,1.85,1.82,1.81,1.78,1.72,1.67,1.6,1.52,1.47,1.42,1.39,1.38,1.36,1.33,1.3,1.24,1.19,1.19,1.16,1.09,1.03,0.96,0.8,0.68
Russian Federation,RUS,Population growth (annual %),0.57,0.57,0.57,0.57,0.7,0.7,0.7,0.7,0.71,0.67,0.63,0.6,0.76,0.78,0.72,0.7,0.65,0.59,0.17,0.29,0.1,-0.05,-0.03,-0.02,-0.15,-0.17,-0.17,-0.31,-0.42,-0.42,-0.46,-0.45,-0.4,-0.38,-0.33,-0.17,-0.04,0.03,0.04,0.12,0.25,0.3,0.3,0.28,0.26,0.19,0.07,0.04,-0.14,-0.34,-0.35
China,CHN,Population growth (annual %),2.46,2.28,2.07,1.77,1.55,1.36,1.34,1.33,1.25,1.28,1.47,1.44,1.31,1.36,1.49,1.6,1.61,1.53,1.47,1.36,1.23,1.15,1.13,1.09,1.05,1.02,0.96,0.87,0.79,0.73,0.67,0.62,0.59,0.59,0.56,0.52,0.51,0.5,0.48,0.55,0.68,0.67,0.63,0.58,0.57,0.61,0.47,0.35,0.24,0.09,-0.01
South Africa,ZAF,Population growth (annual %),2.86,2.85,2.81,2.76,2.69,2.68,2.7,2.66,2.64,2.58,2.58,2.68,2.79,2.96,3.28,3.5,3.47,3.35,3.08,2.56,2.06,1.81,1.73,1.65,1.52,1.39,1.24,1.11,0.96,0.89,0.91,0.92,0.94,0.95,0.96,1.01,1.13,1.19,1.19,1.26,1.33,1.36,1.58,2.07,0.97,0.39,1.23,1.3,1.22,1,0.84
Brazil,BRA,Population growth (annual %),2.43,2.41,2.38,2.36,2.35,2.36,2.36,2.36,2.35,2.33,2.29,2.25,2.2,2.14,2.07,2,1.94,1.88,1.81,1.73,1.66,1.62,1.59,1.56,1.53,1.5,1.47,1.42,1.37,1.32,1.26,1.19,1.14,1.12,1.08,1.03,0.99,0.95,0.94,0.93,0.9,0.87,0.86,0.85,0.81,0.79,0.79,0.77,0.67,0.53,0.46
United States,USA,Population growth (annual %),1.07,0.95,0.91,0.99,0.95,1.01,1.06,1.1,0.96,0.98,0.95,0.91,0.87,0.89,0.92,0.89,0.91,0.94,1.13,1.34,1.39,1.32,1.23,1.19,1.16,1.2,1.17,1.15,1.11,0.99,0.93,0.86,0.93,0.92,0.96,0.95,0.95,0.88,0.83,0.73,0.73,0.69,0.73,0.74,0.72,0.63,0.53,0.46,0.97,0.16,0.37
United Kingdom,GBR,Population growth (annual %),0.34,0.19,0.06,-0.01,-0.02,-0.03,0.01,0.09,0.12,0.03,-0.04,0.03,0.16,0.23,0.23,0.21,0.22,0.26,0.3,0.31,0.27,0.24,0.25,0.26,0.25,0.26,0.29,0.33,0.36,0.38,0.42,0.47,0.57,0.69,0.74,0.78,0.79,0.76,0.78,0.78,0.7,0.67,0.74,0.79,0.76,0.68,0.61,0.56,0.37,-0.08,1.13
Italy,ITA,Population growth (annual %),0.57,0.68,0.65,0.6,0.5,0.42,0.36,0.29,0.21,0.12,0.07,0.04,0.02,0.03,0.01,0.01,0.05,0.08,0.08,0.07,0.07,0.06,0.02,0,0.03,0.05,0.03,0.02,0.05,0.06,0.15,0.44,0.65,0.49,0.3,0.5,0.66,0.46,0.31,0.17,0.27,1.16,0.92,-0.1,-0.17,-0.15,-0.19,-1.15,-0.49,-0.52,-0.33
Canada,CAN,Population growth (annual %),1.16,1.22,1.4,1.46,1.32,1.17,1,0.99,1.29,1.23,1.19,0.99,0.94,0.91,0.99,1.32,1.3,1.79,1.51,1.24,1.18,1.1,1.1,1.03,1.05,0.99,0.83,0.81,0.93,1.09,1.08,0.9,0.93,0.95,1.01,0.97,1.08,1.14,1.11,0.98,1.08,1.05,1,0.76,1.13,1.2,1.43,1.46,1.08,0.55,1.81
Japan,JPN,Population growth (annual %),1.4,1.41,1.33,1.27,1.07,0.97,0.91,0.85,0.79,0.73,0.69,0.7,0.65,0.63,0.53,0.48,0.42,0.4,0.33,0.39,0.37,0.32,0.28,0.23,0.23,0.24,0.27,0.18,0.17,0.24,0.23,0.21,0.03,0.01,0.06,0.11,0.05,-0.01,0.02,-0.19,-0.16,-0.14,-0.13,-0.11,-0.05,-0.08,-0.13,-0.14,-0.29,-0.46,-0.44
France,FRA,Population growth (annual %),0.86,0.79,0.68,0.56,0.47,0.47,0.49,0.49,0.54,0.58,0.58,0.53,0.5,0.52,0.52,0.53,0.53,0.51,0.48,0.88,0.5,0.43,0.37,0.36,0.36,0.36,0.37,0.52,0.69,0.73,0.73,0.71,0.74,0.75,0.69,0.62,0.56,0.51,0.49,0.48,0.48,0.52,0.47,0.36,0.26,0.29,0.36,0.34,0.27,0.29,0.31
Germany,DEU,Population growth (annual %),0.48,0.31,0.04,-0.37,-0.43,-0.23,-0.09,0.04,0.21,0.15,-0.1,-0.26,-0.35,-0.22,0.05,0.15,0.39,0.77,0.86,0.73,0.76,0.66,0.35,0.29,0.29,0.15,0.02,0.06,0.14,0.17,0.17,0.06,-0.02,-0.06,-0.11,-0.13,-0.19,-0.25,-0.15,-1.85,0.19,0.27,0.42,0.87,0.81,0.37,0.3,0.23,0.08,0.04,0.72
India,IND,"Population, total",582837973,596107483,609721951,623524219,637451448,651685628,666267760,681248383,696828385,712869298,729169466,745826546,762895156,780242084,797878993,815716125,833729681,852012673,870452165,888941756,907574049,926351297,945261958,964279129,983281218,1002335230,1021434576,1040500054,1059633675,1078970907,1098313039,1117415123,1136264583,1154638713,1172373788,1189691809,1206734806,1223640160,1240613620,1257621191,1274487215,1291132063,1307246509,1322866505,1338636340,1354195680,1369003306,1383112050,1396387127,1407563842,1417173173
Russian Federation,RUS,"Population, total",131909000,132669000,133432000,134200000,135147000,136100000,137060000,138027000,139010000,139941000,140823000,141668000,142745000,143858000,144894000,145908000,146857000,147721000,147969406,148394216,148538197,148458777,148407912,148375787,148160129,147915361,147670784,147214776,146596869,145976482,145306497,144648618,144067316,143518814,143049637,142805114,142742366,142785348,142849468,143018195,143378447,143805638,144237223,144640716,145015460,145293260,145398106,145453291,145245148,144746762,144236933
China,CHN,"Population, total",862030000,881940000,900350000,916395000,930685000,943455000,956165000,969005000,981235000,993885000,1008630000,1023310000,1036825000,1051040000,1066790000,1084035000,1101630000,1118650000,1135185000,1150780000,1164970000,1178440000,1191835000,1204855000,1217550000,1230075000,1241935000,1252735000,1262645000,1271850000,1280400000,1288400000,1296075000,1303720000,1311020000,1317885000,1324655000,1331260000,1337705000,1345035000,1354190000,1363240000,1371860000,1379860000,1387790000,1396215000,1402760000,1407745000,1411100000,1412360000,1412175000
South Africa,ZAF,"Population, total",23698507,24382513,25077016,25777964,26480300,27199838,27943445,28697014,29463549,30232561,31022417,31865176,32768207,33752964,34877834,36119333,37393853,38668684,39877570,40910959,41760755,42525440,43267982,43986084,44661603,45285048,45852166,46364681,46813266,47229714,47661514,48104048,48556071,49017147,49491756,49996094,50565812,51170779,51784921,52443325,53145033,53873616,54729551,55876504,56422274,56641209,57339635,58087055,58801927,59392255,59893885
Brazil,BRA,"Population, total",101194394,103666904,106167372,108700515,111286504,113939886,116664382,119447303,122288383,125168060,128065095,130977370,133888775,136783180,139643355,142466264,145253973,148003411,150706446,153336445,155900790,158440875,160980472,163515328,166037122,168546707,171039804,173486281,175873720,178211881,180476685,182629278,184722043,186797334,188820682,190779453,192672317,194517549,196353492,198185302,199977707,201721767,203459650,205188205,206859578,208504960,210166592,211782878,213196304,214326223,215313498
United States,USA,"Population, total",209896000,211909000,213854000,215973000,218035000,220239000,222585000,225055000,227225000,229466000,231664000,233792000,235825000,237924000,240133000,242289000,244499000,246819000,249623000,252981000,256514000,259919000,263126000,266278000,269394000,272657000,275854000,279040000,282162411,284968955,287625193,290107933,292805298,295516599,298379912,301231207,304093966,306771529,309327143,311583481,313877662,316059947,318386329,320738994,323071755,325122128,326838199,328329953,331526933,332048977,333271411
United Kingdom,GBR,"Population, total",56086065,56194527,56229974,56225800,56211968,56193492,56196504,56246951,56314216,56333829,56313641,56332848,56422072,56550268,56681396,56802050,56928327,57076711,57247586,57424897,57580402,57718614,57865745,58019030,58166950,58316954,58487141,58682466,58892514,59119673,59370479,59647577,59987905,60401206,60846820,61322463,61806995,62276270,62766365,63258810,63700215,64128273,64602298,65116219,65611593,66058859,66460344,66836327,67081234,67026292,67791000
Italy,ITA,"Population, total",54381345,54751406,55110868,55441001,55718260,55955411,56155143,56317749,56433883,56501675,56543548,56564074,56576718,56593071,56596155,56601931,56629288,56671781,56719240,56758521,56797087,56831821,56843400,56844303,56860281,56890372,56906744,56916317,56942108,56974100,57059007,57313203,57685327,57969484,58143979,58438310,58826731,59095365,59277417,59379449,59539717,60233948,60789140,60730582,60627498,60536709,60421760,59729081,59438851,59133173,58940425
Canada,CAN,"Population, total",22218463,22491777,22807969,23143275,23449808,23725843,23963203,24201544,24515667,24819915,25116942,25366451,25607053,25842116,26100278,26446601,26791747,27276781,27691138,28037420,28371264,28684764,29000663,29302311,29610218,29905948,30155173,30401286,30685730,31020855,31359199,31642461,31938807,32242732,32571193,32888886,33247298,33630069,34005902,34339221,34713395,35080992,35434066,35704498,36110803,36545075,37072620,37618495,38028638,38239864,38939056
Japan,JPN,"Population, total",107188000,108707000,110162000,111573000,112775000,113872000,114913000,115890000,116807000,117661000,118480000,119307000,120083000,120837000,121482000,122069000,122578000,123069000,123478000,123964000,124425000,124829000,125178000,125472000,125757000,126057000,126400000,126631000,126843000,127149000,127445000,127718000,127761000,127773000,127854000,128001000,128063000,128047000,128070000,127833000,127629000,127445000,127276000,127141000,127076000,126972000,126811000,126633000,126261000,125681593,125124989
France,FRA,"Population, total",52637888,53053660,53415250,53715733,53966558,54221988,54486195,54753575,55052582,55371044,55694106,55992656,56275701,56569195,56865193,57168409,57472651,57766282,58044701,58557577,58849943,59106166,59327585,59543659,59756533,59969944,60192790,60504420,60921384,61367388,61816234,62256970,62716306,63188395,63628261,64021737,64379696,64710879,65030575,65345233,65662240,66002289,66312067,66548272,66724104,66918020,67158348,67388001,67571107,67764304,67971311
Germany,DEU,"Population, total",78688452,78936666,78967433,78673554,78336950,78159814,78091820,78126350,78288576,78407907,78333366,78128282,77858685,77684873,77720436,77839920,78144619,78751283,79433029,80013896,80624598,81156363,81438348,81678051,81914831,82034771,82047195,82100243,82211508,82349925,82488495,82534176,82516260,82469422,82376451,82266372,82110097,81902307,81776930,80274983,80425823,80645605,80982500,81686611,82348669,82657002,82905782,83092962,83160871,83196078,83797985
India,IND,"Unemployment, total (% of total labor force) (modeled ILO estimate)",..,..,..,..,..,..,..,..,..,..,..,..,..,..,..,..,..,..,..,6.85,6.85,6.86,6.83,6.99,7.15,7.34,7.52,7.68,7.86,8.04,8.25,8.4,8.55,8.7,8.61,8.53,8.49,8.41,8.32,8.22,8.16,8.09,7.99,7.89,7.8,7.72,7.65,6.51,7.86,6.38,4.82
Russian Federation,RUS,"Unemployment, total (% of total labor force) (modeled ILO estimate)",..,..,..,..,..,..,..,..,..,..,..,..,..,..,..,..,..,..,..,5.13,5.18,5.88,8.13,9.45,9.67,11.81,13.26,13.04,10.58,8.98,7.88,8.21,7.76,7.12,7.06,6,6.21,8.3,7.37,6.54,5.44,5.46,5.16,5.57,5.56,5.21,4.85,4.5,5.59,4.72,3.87
China,CHN,"Unemployment, total (% of total labor force) (modeled ILO estimate)",..,..,..,..,..,..,..,..,..,..,..,..,..,..,..,..,..,..,..,2.37,2.37,2.69,2.9,3,3.12,3.23,3.24,3.25,3.26,3.8,4.24,4.58,4.49,4.52,4.43,4.35,4.59,4.72,4.53,4.55,4.58,4.6,4.63,4.65,4.56,4.47,4.31,4.56,5,4.55,4.98
South Africa,ZAF,"Unemployment, total (% of total labor force) (modeled ILO estimate)",..,..,..,..,..,..,..,..,..,..,..,..,..,..,..,..,..,..,..,20.11,20.37,20.3,20.07,19.8,19.64,19.68,19.82,19.93,19.84,19.73,19.66,19.73,19.63,19.56,19.43,19.39,19.51,20.51,23.18,21.42,21.79,22.04,22.61,22.87,24.02,23.99,24.22,25.54,24.34,28.77,28.84
Brazil,BRA,"Unemployment, total (% of total labor force) (modeled ILO estimate)",..,..,..,..,..,..,..,..,..,..,..,..,..,..,..,..,..,..,..,6.9,7.09,6.03,6.58,7.09,8.04,9,10.15,11.13,10.89,10.65,10.64,11.17,10.07,10.55,9.69,9.28,8.27,9.42,8.42,7.58,7.25,7.07,6.76,8.54,11.58,12.79,12.33,11.94,13.7,13.16,9.23
United States,USA,"Unemployment, total (% of total labor force) (modeled ILO estimate)",..,..,..,..,..,..,..,..,..,..,..,..,..,..,..,..,..,..,..,6.8,7.5,6.9,6.12,5.65,5.45,5,4.51,4.22,3.99,4.73,5.78,5.99,5.53,5.08,4.62,4.62,5.78,9.25,9.63,8.95,8.07,7.38,6.17,5.28,4.87,4.36,3.9,3.67,8.06,5.35,3.65
United Kingdom,GBR,"Unemployment, total (% of total labor force) (modeled ILO estimate)",..,..,..,..,..,..,..,..,..,..,..,..,..,..,..,..,..,..,..,8.55,9.77,10.35,9.65,8.69,8.19,7.07,6.2,6.04,5.56,4.7,5.04,4.81,4.59,4.75,5.35,5.26,5.62,7.54,7.79,8.04,7.89,7.53,6.11,5.3,4.81,4.33,4,3.74,4.47,4.83,3.73
Italy,ITA,"Unemployment, total (% of total labor force) (modeled ILO estimate)",..,..,..,..,..,..,..,..,..,..,..,..,..,..,..,..,..,..,..,10.1,9.32,10.21,11.09,11.66,11.86,11.99,12.12,11.68,10.83,9.6,9.21,8.87,7.87,7.73,6.78,6.08,6.72,7.75,8.36,8.36,10.66,12.15,12.68,11.9,11.69,11.21,10.61,9.95,9.16,9.5,8.07
Canada,CAN,"Unemployment, total (% of total labor force) (modeled ILO estimate)",..,..,..,..,..,..,..,..,..,..,..,..,..,..,..,..,..,..,..,10.32,11.2,11.38,10.4,9.49,9.62,9.1,8.28,7.58,6.83,7.22,7.67,7.57,7.19,6.76,6.48,6.16,6.28,8.46,8.18,7.64,7.39,7.14,7.02,6.95,7.04,6.43,5.84,5.69,9.66,7.53,5.28
Japan,JPN,"Unemployment, total (% of total labor force) (modeled ILO estimate)",..,..,..,..,..,..,..,..,..,..,..,..,..,..,..,..,..,..,..,2.06,2.16,2.54,2.89,3.15,3.38,3.37,4.08,4.68,4.75,5.02,5.39,5.25,4.73,4.45,4.19,3.89,4,5.07,5.1,4.55,4.36,4.04,3.59,3.39,3.13,2.82,2.47,2.35,2.81,2.83,2.6
France,FRA,"Unemployment, total (% of total labor force) (modeled ILO estimate)",..,..,..,..,..,..,..,..,..,..,..,..,..,..,..,..,..,..,..,9.13,10.2,11.32,12.59,11.83,12.37,12.57,12.07,11.98,10.22,8.61,8.7,8.31,8.91,8.88,8.83,8.01,7.39,9.12,9.28,9.23,9.84,9.91,10.27,10.35,10.06,9.41,9.02,8.42,8.01,7.87,7.31
Germany,DEU,"Unemployment, total (% of total labor force) (modeled ILO estimate)",..,..,..,..,..,..,..,..,..,..,..,..,..,..,..,..,..,..,..,5.32,6.32,7.68,8.73,8.16,8.82,9.86,9.79,8.85,7.92,7.77,8.48,9.78,10.73,11.17,10.25,8.66,7.53,7.74,6.97,5.83,5.38,5.23,4.98,4.62,4.12,3.75,3.38,3.14,3.86,3.64,3.14
